USE [db_project]
GO
SET IDENTITY_INSERT [dbo].[tbl_badge] ON 

INSERT [dbo].[tbl_badge] ([badgeid], [name]) VALUES (1, N'Noob')
INSERT [dbo].[tbl_badge] ([badgeid], [name]) VALUES (2, N'Novice')
INSERT [dbo].[tbl_badge] ([badgeid], [name]) VALUES (3, N'Apprentice')
INSERT [dbo].[tbl_badge] ([badgeid], [name]) VALUES (4, N'Master')
INSERT [dbo].[tbl_badge] ([badgeid], [name]) VALUES (5, N'Alien')
INSERT [dbo].[tbl_badge] ([badgeid], [name]) VALUES (6, N'Advance AI')
INSERT [dbo].[tbl_badge] ([badgeid], [name]) VALUES (7, N'Stephen Hawking')
SET IDENTITY_INSERT [dbo].[tbl_badge] OFF
GO
SET IDENTITY_INSERT [dbo].[tbl_user] ON 

INSERT [dbo].[tbl_user] ([id], [username], [password], [badgeid], [name], [email], [photo], [active], [join_date]) VALUES (1, N'admin', N'7OHCXNMAhfBlOgD9v9Ireg==', 1, N'Dicky Adhadyanto', N'adhadyanto@gmail.com', N'26990449-e724-46d6-adb5-d7ebf466699a-meme-budi-setiawan.jpg', 1, CAST(N'2020-10-11T21:36:17.467' AS DateTime))
INSERT [dbo].[tbl_user] ([id], [username], [password], [badgeid], [name], [email], [photo], [active], [join_date]) VALUES (2037, N'rizka', N'em943EqAcRjjt50Z8kS58X6YZABMLWzU+1NTdNCzqM0=', 1, N'rizka', N'rizkaawaliyah.np@gmail.com', N'default.jpg', 1, CAST(N'2020-10-11T21:36:17.467' AS DateTime))
INSERT [dbo].[tbl_user] ([id], [username], [password], [badgeid], [name], [email], [photo], [active], [join_date]) VALUES (2038, N'rizkalyah', N'em943EqAcRjjt50Z8kS58RojK7u0pNK9d8g1u5CZ+dA=', 3, N'rizka', N'ririzkalyah@gmail.com', N'b5472206-c671-49b3-b62b-ad3f82634043-8.jpg', 1, CAST(N'2020-10-11T21:36:17.467' AS DateTime))
INSERT [dbo].[tbl_user] ([id], [username], [password], [badgeid], [name], [email], [photo], [active], [join_date]) VALUES (2043, N'mentari', N'fPbiTmHxBU5KIN+Zjnqru+TSLZgNSdpYx8QKMA1bjtc=', 3, N'Mentari Cerah Dan Indah', N'mentaricerahdanindah@gmail.com', N'31417bf3-dc1f-4db0-bf03-ff30caa7fe3d-2697.jpg', 1, CAST(N'2020-10-11T21:36:17.467' AS DateTime))
INSERT [dbo].[tbl_user] ([id], [username], [password], [badgeid], [name], [email], [photo], [active], [join_date]) VALUES (2044, N'premium', N'XD39m7IavASGSj3gu8odJRAQ2xL9RGMdHe+aCOxn5zI=', 1, N'Premium Account', N'nenenana93@gmail.com', N'6da845c1-45e0-41d6-a7cc-3bedcea240d7-RhoAntares_Abolfath_3000.jpg', 1, CAST(N'2020-10-11T21:36:17.467' AS DateTime))
INSERT [dbo].[tbl_user] ([id], [username], [password], [badgeid], [name], [email], [photo], [active], [join_date]) VALUES (6069, N'adhadyanto', N't/uX5VwPp6ds/jiM7jKzx++/1dlNnxWBI/W7aItTcBU=', 1, N'Dicky Adhadyanto', N'adhadyantodicky@gmail.com', N'e191ec7b-4c93-4361-98f5-8b33e68ec38a-curious.jpg', 1, CAST(N'2020-11-05T23:24:16.183' AS DateTime))
SET IDENTITY_INSERT [dbo].[tbl_user] OFF
GO
SET IDENTITY_INSERT [dbo].[tbl_discussion] ON 

INSERT [dbo].[tbl_discussion] ([id], [userid], [title], [description], [date], [encrypt_id]) VALUES (40, 2038, N'Astronomical Unit', N'How far is exactly 1 AU? is it depend on the position of the earth relative to the sun?', CAST(N'2020-10-03T14:37:22.493' AS DateTime), N'0f2f2666-1221-4308-80f1-a0a5b32f25e4')
INSERT [dbo].[tbl_discussion] ([id], [userid], [title], [description], [date], [encrypt_id]) VALUES (41, 2038, N'Do you think there''s life on europa?', N'There might be something hiding inside underground ocean under that thick layer of ice', CAST(N'2020-10-03T14:37:48.110' AS DateTime), N'6bc5cfcf-93c9-477f-b787-3623c3f1a860')
INSERT [dbo].[tbl_discussion] ([id], [userid], [title], [description], [date], [encrypt_id]) VALUES (1037, 2038, N'Why does the earth round?', N'This question might be stupid but I actually kinda curious with how it works.', CAST(N'2020-10-07T08:47:30.667' AS DateTime), N'a00958d8-7a2d-4e63-8a14-12a47bae241d')
INSERT [dbo].[tbl_discussion] ([id], [userid], [title], [description], [date], [encrypt_id]) VALUES (2042, 1, N'Test Post As Admin', N'First Admin Post', CAST(N'2020-10-19T16:54:08.503' AS DateTime), N'b99a04e7-b16f-4713-9266-c3d5acc1ae1f')
INSERT [dbo].[tbl_discussion] ([id], [userid], [title], [description], [date], [encrypt_id]) VALUES (2044, 2043, N'I''m a deer', N'Weeeeeeeeeee', CAST(N'2020-10-20T02:23:44.410' AS DateTime), N'3c756b4e-ec89-4733-8631-6e06527a6910')
SET IDENTITY_INSERT [dbo].[tbl_discussion] OFF
GO
SET IDENTITY_INSERT [dbo].[tbl_discussion_comment] ON 

INSERT [dbo].[tbl_discussion_comment] ([id], [userid], [comment], [date], [discussionid], [encrypt_id]) VALUES (6, 2038, N'Still no reply *sad*', CAST(N'2020-10-03T14:40:46.737' AS DateTime), 41, N'b4475929-beb3-437d-8443-5831b7cd78f9')
INSERT [dbo].[tbl_discussion_comment] ([id], [userid], [comment], [date], [discussionid], [encrypt_id]) VALUES (1006, 2038, N'Oh thanks, just all i needed', CAST(N'2020-10-07T08:47:47.023' AS DateTime), 1037, N'd27b6823-d3da-4070-ab39-7a0e103c8f82')
INSERT [dbo].[tbl_discussion_comment] ([id], [userid], [comment], [date], [discussionid], [encrypt_id]) VALUES (2021, 1, N'Please don''t spam on this forum', CAST(N'2020-10-20T04:54:40.503' AS DateTime), 2044, N'63c5acf6-85d8-4dbc-a2f8-cf8f042df268')
INSERT [dbo].[tbl_discussion_comment] ([id], [userid], [comment], [date], [discussionid], [encrypt_id]) VALUES (4014, 2043, N'bla bla bla', CAST(N'2020-10-26T14:49:36.343' AS DateTime), 2044, N'ab9136fc-dc62-4363-b9f4-170f5a9564d7')
INSERT [dbo].[tbl_discussion_comment] ([id], [userid], [comment], [date], [discussionid], [encrypt_id]) VALUES (4015, 2043, N'what are you gonna do? ban me?', CAST(N'2020-10-26T14:49:49.243' AS DateTime), 2044, N'193b6b06-7899-442a-9b9b-a089e1e804d9')
INSERT [dbo].[tbl_discussion_comment] ([id], [userid], [comment], [date], [discussionid], [encrypt_id]) VALUES (4016, 2043, N'hehehe', CAST(N'2020-10-26T14:49:58.857' AS DateTime), 2044, N'cbecc5bf-9ee0-408f-abe4-082784418332')
SET IDENTITY_INSERT [dbo].[tbl_discussion_comment] OFF
GO
SET IDENTITY_INSERT [dbo].[tbl_news] ON 

INSERT [dbo].[tbl_news] ([id], [title], [photo], [description], [date_posted], [encrypt_id], [source]) VALUES (5, N'Mars, Pleiades and Andromeda', N'9f8908c4-af9a-44a3-81e8-93cac4cd67dc-MarsTriangle_Ozkeser_3516.jpg', N'Three different objects are captured in one frame in the image above. Photographed last month, the first object is the Pleiades star cluster, the most famous star cluster in the night sky, seen at the top left of the image in bright blue. Pleiades (M45) is about 450 light years from Earth and can be found not far from the constellation Orion. The second object is the Andromeda Galaxy, one of the most famous galaxies in the night sky, seen at the top right of the image. Andromeda (M31) is one of the few objects that can be seen with the naked eye. The third object is the planet Mars, one of the most famous planets in the night sky, seen in the center of the bright red image. In the foreground of the image is an ancient tomb in the Phygrian Valley, Turkey. The tomb is known to be the remains of an ancient civilization that lived about ten thousand years ago. Today the planet Mars is at a point of opposition or is in a position opposite to the Sun in the view from Earth so it will appear brightly shining all night and can easily be found in the eastern sky just after sunset.', CAST(N'2020-10-13T22:27:04.867' AS DateTime), N'c018072c-0c61-414c-98c3-4172971bcd13', N'APOD NASA')
INSERT [dbo].[tbl_news] ([id], [title], [photo], [description], [date_posted], [encrypt_id], [source]) VALUES (9, N'Colorful Cloud of Rho Ophiuchi', N'bfee7c00-f6dc-45e1-9757-783c84e58e18-RhoAntares_Abolfath_3000.jpg', N'Each color in Rho Ophiuchi results from some of the processes that occur there. The light in the blue area comes from the reflection of the Rho Ophiuchi star system. Blue light is reflected more easily by this part of the nebula than is red light. This property also causes the sky on Earth to be blue. The light in the red and yellow areas comes from the emission of atomic and molecular gases. The light from the blue stars around the nebula separates the electrons from the gas, then emits light when the electrons reunite with the gas. The dark brown area comes from the dust grains blocking the starlight behind it. Rho Ophiuchi''s star cloud is actually more colorful than what humans can see. These clouds emit light at all wavelengths, from radio waves to gamma rays.', CAST(N'2020-10-18T12:04:45.073' AS DateTime), N'ecf162e0-817e-4da6-b7f7-ca0e3cc146e9', N'APOD NASA')
INSERT [dbo].[tbl_news] ([id], [title], [photo], [description], [date_posted], [encrypt_id], [source]) VALUES (11, N'A Closer Look at the Virgo Galaxy Cluster', N'7c446ddb-0605-4896-9ea4-c0192a1bc954-markarian_FernandoPena1024.jpg', N'Have you ever seen a galaxy cluster? Yes, galaxies also like to live in clusters. In the image above, you are looking at a collection of galaxies that are incorporated into the Virgo Cluster. This cosmic landscape about three times the angular diameter of the Full Moon was photographed from the surface of the Earth, precisely in Jalisco, Mexico. About 50 million light years away, the Virgo Cluster is the closest large galaxy cluster to our own local galaxy cluster. There are three large galaxies here, the first and the largest is M87 in the upper left, an elliptical galaxy known as the Virgo Galaxy, which last year the supermassive black hole at its center was first captured by astronomers. There are also M84 and M86, also elliptical galaxies at the bottom right of the image. M84 and M86 are recognized as part of the Markarian''s Chain, which is a group of galaxies that visually form a chain. Could it be that we are alone in the universe?', CAST(N'2020-10-18T12:07:06.133' AS DateTime), N'7b2e1962-30f7-40b0-a8fb-0143b294877e', N'APOD NASA')
SET IDENTITY_INSERT [dbo].[tbl_news] OFF
GO
SET IDENTITY_INSERT [dbo].[tbl_news_comment] ON 

INSERT [dbo].[tbl_news_comment] ([id], [userid], [comment], [date], [newsid], [encrypt_id]) VALUES (3008, 2043, N'wow', CAST(N'2020-10-26T14:52:27.197' AS DateTime), 5, N'4fe12898-7cda-40d9-9151-eeef9827950d')
INSERT [dbo].[tbl_news_comment] ([id], [userid], [comment], [date], [newsid], [encrypt_id]) VALUES (4007, 2043, N'Wow', CAST(N'2020-10-27T03:39:55.300' AS DateTime), 11, N'c31ba5ba-43f8-46af-a73b-3ab0c21e8b54')
SET IDENTITY_INSERT [dbo].[tbl_news_comment] OFF
GO
SET IDENTITY_INSERT [dbo].[tbl_events] ON 

INSERT [dbo].[tbl_events] ([id], [title], [photo], [description], [date_posted], [date], [time], [location], [encrypt_id], [contact_person]) VALUES (3, N'South Taurid Meteor Shower', N'29a3e0bf-8d3b-43fe-854c-4ce6670bd6b3-1.jpg', N'At midnight, 20 October 2020, the South Taurid meteor shower phenomenon will reach its peak and can be observed throughout Indonesia. How to observe it? The Southern Taurid, as the name implies, will have a radian point (point of appearance) to the south of the constellation Taurus. Well, why must it be midnight? Because the new Taurus constellation will appear high in the eastern sky at midnight. You don''t need a telescope at all to see this meteor shower phenomenon. What is needed, and most importantly, is a bright observation location and minimal light pollution. In other words, for those of you who live in cities, especially big cities, observations may be difficult because meteors are less bright than light pollution.', CAST(N'2020-10-10T17:19:51.107' AS DateTime), CAST(N'2020-10-30' AS Date), CAST(N'19:30:00' AS Time), N'Bandung', N'84d206cb-1702-4b3b-9127-a3632c91d691', N'Admin')
INSERT [dbo].[tbl_events] ([id], [title], [photo], [description], [date_posted], [date], [time], [location], [encrypt_id], [contact_person]) VALUES (4, N'Photographing Mars', N'3e00a42c-bf17-4be8-83ce-9cdd88d235f0-nasamars.jpg', N'In recent times you may have noticed a reddish "star" in the eastern sky around 10pm. However, do you know that it is not a star? If you observe it with a telescope, you will find that the reddish "star" is a planet known as Mars. Yup, right now, Mars is heading for the peak of its brightness, so it will appear brighter from night to night. How can it be like that? Isn''t Mars a planet and planets can''t emit their own light? It''s true, but planets can reflect the sunlight they receive. In other words, when we look at Mars, what we are observing is the side of the day. According to Stellarium Web, Mars will be more than 20 degrees above the eastern horizon by 10 p.m. Furthermore, you can immediately observe the eastern sky to find Mars there at the specified time.
From the telescope''s view, the time when Mars''s opposition will emerge is quite clear. You need a telescope with a minimum magnification of 225x, such as a telescope. Have a nice sunny day and have a good time observing the Red Planet!', CAST(N'2020-10-12T14:42:17.330' AS DateTime), CAST(N'2020-11-07' AS Date), CAST(N'21:00:00' AS Time), N'Jakarta', N'52695d15-796f-44f8-90be-63f993b6cc9b', N'Admin - 62822-1326-0438')
SET IDENTITY_INSERT [dbo].[tbl_events] OFF
GO
SET IDENTITY_INSERT [dbo].[tbl_event_comment] ON 

INSERT [dbo].[tbl_event_comment] ([id], [userid], [comment], [date], [eventid], [encrypt_id]) VALUES (5, 2038, N'Insterested', CAST(N'2020-10-13T07:01:31.593' AS DateTime), 4, N'b19105ca-bb10-4d08-b89f-9b96e3f04cc3')
INSERT [dbo].[tbl_event_comment] ([id], [userid], [comment], [date], [eventid], [encrypt_id]) VALUES (1007, 2043, N'Wow', CAST(N'2020-10-20T02:41:18.520' AS DateTime), 3, N'f4e1b4d6-de59-495e-a964-08315ae2cf6d')
SET IDENTITY_INSERT [dbo].[tbl_event_comment] OFF
GO
SET IDENTITY_INSERT [dbo].[tbl_course] ON 

INSERT [dbo].[tbl_course] ([courseid], [name], [description], [badgeid], [encrypt_id], [quiz_status]) VALUES (4, N'Level 1', N'Introduction to astronomy', 1, N'25021657-480d-48ae-b49e-cd1fdf8772cd', 1)
INSERT [dbo].[tbl_course] ([courseid], [name], [description], [badgeid], [encrypt_id], [quiz_status]) VALUES (5, N'Level 2', N'The Moon and Other Inner Planets', 2, N'70df2ab4-59b7-448a-aa37-82ddeb6926c7', 1)
INSERT [dbo].[tbl_course] ([courseid], [name], [description], [badgeid], [encrypt_id], [quiz_status]) VALUES (6, N'Level 3', N'Exo Planets and Beyond', 3, N'b43ad7e5-6f9d-45be-bd29-0efa35d29325', 1)
INSERT [dbo].[tbl_course] ([courseid], [name], [description], [badgeid], [encrypt_id], [quiz_status]) VALUES (2012, N'Level 4', N'Under Construction', 4, N'58005797-9a7d-4c8d-8268-db88ccf7b924', 0)
INSERT [dbo].[tbl_course] ([courseid], [name], [description], [badgeid], [encrypt_id], [quiz_status]) VALUES (2013, N'Level 5', N'Under Construction Too', 5, N'3367f711-fa7e-4e06-ba14-357f363a8fe4', 0)
INSERT [dbo].[tbl_course] ([courseid], [name], [description], [badgeid], [encrypt_id], [quiz_status]) VALUES (2014, N'Level 6', N'Under Construction Aswell', 6, N'736fbe0c-b3e1-43a7-aa28-2f6c5a5705e7', 0)
SET IDENTITY_INSERT [dbo].[tbl_course] OFF
GO
SET IDENTITY_INSERT [dbo].[tbl_course_history] ON 

INSERT [dbo].[tbl_course_history] ([id], [userid], [courseid], [grade], [date]) VALUES (1, 2038, 4, 100, CAST(N'2020-10-17T21:22:17.497' AS DateTime))
INSERT [dbo].[tbl_course_history] ([id], [userid], [courseid], [grade], [date]) VALUES (2, 2038, 5, 60, CAST(N'2020-10-17T21:36:32.387' AS DateTime))
INSERT [dbo].[tbl_course_history] ([id], [userid], [courseid], [grade], [date]) VALUES (3, 2043, 4, 80, CAST(N'2020-10-20T05:44:01.740' AS DateTime))
INSERT [dbo].[tbl_course_history] ([id], [userid], [courseid], [grade], [date]) VALUES (4, 2043, 5, 100, CAST(N'2020-10-21T11:28:27.330' AS DateTime))
INSERT [dbo].[tbl_course_history] ([id], [userid], [courseid], [grade], [date]) VALUES (6, 2038, 5, 100, CAST(N'2020-10-25T18:46:54.670' AS DateTime))
SET IDENTITY_INSERT [dbo].[tbl_course_history] OFF
GO
SET IDENTITY_INSERT [dbo].[tbl_roles] ON 

INSERT [dbo].[tbl_roles] ([id], [rolename]) VALUES (1, N'admin')
INSERT [dbo].[tbl_roles] ([id], [rolename]) VALUES (2, N'generic')
INSERT [dbo].[tbl_roles] ([id], [rolename]) VALUES (3, N'premium')
SET IDENTITY_INSERT [dbo].[tbl_roles] OFF
GO
SET IDENTITY_INSERT [dbo].[tbl_role_mapping] ON 

INSERT [dbo].[tbl_role_mapping] ([id], [userid], [roleid]) VALUES (1, 1, 1)
INSERT [dbo].[tbl_role_mapping] ([id], [userid], [roleid]) VALUES (2032, 2037, 2)
INSERT [dbo].[tbl_role_mapping] ([id], [userid], [roleid]) VALUES (2033, 2038, 3)
INSERT [dbo].[tbl_role_mapping] ([id], [userid], [roleid]) VALUES (2038, 2043, 2)
INSERT [dbo].[tbl_role_mapping] ([id], [userid], [roleid]) VALUES (2039, 2044, 3)
INSERT [dbo].[tbl_role_mapping] ([id], [userid], [roleid]) VALUES (7060, 6069, 2)
SET IDENTITY_INSERT [dbo].[tbl_role_mapping] OFF
GO
SET IDENTITY_INSERT [dbo].[tbl_answer] ON 

INSERT [dbo].[tbl_answer] ([id], [userid], [courseid], [point], [grade], [attempt], [date]) VALUES (32, 2038, 4, 4, 100, 4, CAST(N'2020-11-02T20:44:01.147' AS DateTime))
INSERT [dbo].[tbl_answer] ([id], [userid], [courseid], [point], [grade], [attempt], [date]) VALUES (38, 2038, 5, 5, 100, 2, CAST(N'2020-10-25T18:47:22.750' AS DateTime))
INSERT [dbo].[tbl_answer] ([id], [userid], [courseid], [point], [grade], [attempt], [date]) VALUES (40, 2043, 4, 4, 80, 3, CAST(N'2020-10-20T05:44:01.740' AS DateTime))
INSERT [dbo].[tbl_answer] ([id], [userid], [courseid], [point], [grade], [attempt], [date]) VALUES (1039, 2043, 5, 5, 100, 1, CAST(N'2020-10-21T11:28:27.330' AS DateTime))
INSERT [dbo].[tbl_answer] ([id], [userid], [courseid], [point], [grade], [attempt], [date]) VALUES (3043, 2043, 6, 0, 0, 0, CAST(N'2020-11-02T20:44:35.957' AS DateTime))
INSERT [dbo].[tbl_answer] ([id], [userid], [courseid], [point], [grade], [attempt], [date]) VALUES (3045, 2038, 6, 0, 0, 0, CAST(N'2020-11-03T18:51:33.347' AS DateTime))
SET IDENTITY_INSERT [dbo].[tbl_answer] OFF
GO
SET IDENTITY_INSERT [dbo].[tbl_premium_pricing] ON 

INSERT [dbo].[tbl_premium_pricing] ([id], [packagetype], [name], [price], [encrypt_id], [duration]) VALUES (1, 1, N'Package 1', 50000, N'abc21657-480d-48ae-b49e-cd1fdf8772cd', 30)
INSERT [dbo].[tbl_premium_pricing] ([id], [packagetype], [name], [price], [encrypt_id], [duration]) VALUES (2, 2, N'Package 2', 140000, N'70df2ab4-59b7-448a-aa37-82ddeb6abcc7', 90)
INSERT [dbo].[tbl_premium_pricing] ([id], [packagetype], [name], [price], [encrypt_id], [duration]) VALUES (3, 3, N'Package 3', 250000, N'b43adabc-6f9d-45be-bd29-0efa35d293ab', 180)
INSERT [dbo].[tbl_premium_pricing] ([id], [packagetype], [name], [price], [encrypt_id], [duration]) VALUES (4, 4, N'Package 4', 400000, N'f1b8114c-d4a2-475c-9c1d-a1cf3432418e', 365)
SET IDENTITY_INSERT [dbo].[tbl_premium_pricing] OFF
GO
SET IDENTITY_INSERT [dbo].[tbl_premium_payment] ON 

INSERT [dbo].[tbl_premium_payment] ([id], [number], [userid], [status], [datecreated], [datepaid], [premiumid]) VALUES (6012, N'799eca22-8106-466a-bd2e-b6a15670cb29', 2038, 1, CAST(N'2020-10-28T15:14:31.517' AS DateTime), CAST(N'2020-10-28T15:14:49.763' AS DateTime), 1)
INSERT [dbo].[tbl_premium_payment] ([id], [number], [userid], [status], [datecreated], [datepaid], [premiumid]) VALUES (6013, N'10cc162f-2127-4f2c-8618-7de1a69312c3', 2038, 1, CAST(N'2020-10-28T15:15:13.350' AS DateTime), CAST(N'2020-10-28T15:15:54.433' AS DateTime), 3)
INSERT [dbo].[tbl_premium_payment] ([id], [number], [userid], [status], [datecreated], [datepaid], [premiumid]) VALUES (6029, N'6db86883-23d9-4c53-ad0c-8d81e80f84f9', 2043, 1, CAST(N'2020-11-05T21:13:42.697' AS DateTime), CAST(N'2020-11-05T21:13:45.847' AS DateTime), 1)
INSERT [dbo].[tbl_premium_payment] ([id], [number], [userid], [status], [datecreated], [datepaid], [premiumid]) VALUES (6030, N'f23595dc-3cb9-4985-8042-8f8c96ef9daa', 2038, 1, CAST(N'2020-11-05T23:23:44.170' AS DateTime), CAST(N'2020-11-05T23:23:46.633' AS DateTime), 1)
SET IDENTITY_INSERT [dbo].[tbl_premium_payment] OFF
GO
SET IDENTITY_INSERT [dbo].[tbl_premium_user] ON 

INSERT [dbo].[tbl_premium_user] ([id], [userid], [days]) VALUES (2005, 2038, 30)
SET IDENTITY_INSERT [dbo].[tbl_premium_user] OFF
GO
SET IDENTITY_INSERT [dbo].[tbl_materi] ON 

INSERT [dbo].[tbl_materi] ([materiid], [courseid], [title], [date], [description], [number], [encrypt_id], [video], [video_source], [subject_source]) VALUES (7, 5, N'Mercury', CAST(N'2020-10-03T13:08:35.867' AS DateTime), N'Mercury is the smallest and innermost planet in the Solar System. Its orbit around the Sun takes 87.97 days, the shortest of all the planets in the Solar System. It is named after the Greek god Hermes (??µ??), translated into Latin Mercurius Mercury, god of commerce, messenger of the gods, mediator between gods and mortals. 

Like Venus, Mercury orbits the Sun within Earth''s orbit as an inferior planet, and its apparent distance from the Sun as viewed from Earth never exceeds 28°. This proximity to the Sun means the planet can only be seen near the western horizon after sunset or eastern horizon before sunrise, usually in twilight. At this time, it may appear as a bright star-like object, but is often far more difficult to observe than Venus. The planet telescopically displays the complete range of phases, similar to Venus and the Moon, as it moves in its inner orbit relative to Earth, which recurs over its synodic period of approximately 116 days. 

Mercury rotates in a way that is unique in the Solar System. It is tidally locked with the Sun in a 3:2 spin–orbit resonance, meaning that relative to the fixed stars, it rotates on its axis exactly three times for every two revolutions it makes around the Sun. As seen from the Sun, in a frame of reference that rotates with the orbital motion, it appears to rotate only once every two Mercurian years. An observer on Mercury would therefore see only one day every two Mercurian years. 

Mercury''s axis has the smallest tilt of any of the Solar System''s planets (about ?1/30 degree). Its orbital eccentricity is the largest of all known planets in the Solar System at perihelion, Mercury''s distance from the Sun is only about two-thirds (or 66%) of its distance at aphelion. Mercury''s surface appears heavily cratered and is similar in appearance to the Moon''s, indicating that it has been geologically inactive for billions of years. Having almost no atmosphere to retain heat, it has surface temperatures that vary diurnally more than on any other planet in the Solar System, ranging from 100 K (-173 °C; -280 °F) at night to 700 K (427 °C; 800 °F) during the day across the equatorial regions.[18] The polar regions are constantly below 180 K (-93 °C; -136 °F). The planet has no known natural satellites. 

Two spacecraft have visited Mercury Mariner 10 flew by in 1974 and 1975 and MESSENGER, launched in 2004, orbited Mercury over 4,000 times in four years before exhausting its fuel and crashing into the planet''s surface on April 30, 2015. The BepiColombo spacecraft is planned to arrive at Mercury in 2025.', 2, N'ef3e4640-edf9-447f-9b6f-61575be9c88c', N'https://www.youtube.com/embed/P3GkZe3nRQ0', N'Crash Course Astronomy on YouTube', N'default')
INSERT [dbo].[tbl_materi] ([materiid], [courseid], [title], [date], [description], [number], [encrypt_id], [video], [video_source], [subject_source]) VALUES (9, 5, N'Venus', CAST(N'2020-10-04T15:52:13.877' AS DateTime), N'Venus is the second planet from the Sun. It is named after the Roman goddess of love and beauty. As the second-brightest natural object in the night sky after the Moon, Venus can cast shadows and can be, on rare occasion, visible to the naked eye in broad daylight. Venus lies within Earth''s orbit, and so never appears to venture far from the Sun, either setting in the west just after dusk or rising in the east a bit before dawn. Venus orbits the Sun every 224.7 Earth days. With a rotation period of 243 Earth days, it takes longer to rotate about its axis than any other planet in the Solar System and does so in the opposite direction to all but Uranus (meaning the Sun rises in the west and sets in the east). Venus does not have any moons, a distinction it shares only with Mercury among planets in the Solar System. 

Venus is a terrestrial planet and is sometimes called Earth''s "sister planet" because of their similar size, mass, proximity to the Sun, and bulk composition. It is radically different from Earth in other respects. It has the densest atmosphere of the four terrestrial planets, consisting of more than 96% carbon dioxide. The atmospheric pressure at the planet''s surface is about 92 times the sea level pressure of Earth, or roughly the pressure at 900 m (3,000 ft) underwater on Earth. Venus has by far the hottest surface of any planet in the Solar System, with a mean temperature of 737 K (464 °C; 867 °F), even though Mercury is closer to the Sun. Venus is shrouded by an opaque layer of highly reflective clouds of sulfuric acid, preventing its surface from being seen from space in visible light. It may have had water oceans in the past,[20][21] but these would have vaporized as the temperature rose due to a runaway greenhouse effect. The water has probably photodissociated, and the free hydrogen has been swept into interplanetary space by the solar wind because of the lack of a planetary magnetic field. Venus'' surface is a dry desertscape interspersed with slab-like rocks and is periodically resurfaced by volcanism. 

As one of the brightest objects in the sky, Venus has been a major fixture in human culture for as long as records have existed. It has been made sacred to gods of many cultures, and has been a prime inspiration for writers and poets as the "morning star" and "evening star". Venus was the first planet to have its motions plotted across the sky, as early as the second millennium BC. 

Due to its proximity to Earth, Venus has been a prime target for early interplanetary exploration. It was the first planet beyond Earth visited by a spacecraft (Mariner 2 in 1962), and the first to be successfully landed on (by Venera 7 in 1970). Venus'' thick clouds render observation of its surface impossible in visible light, and the first detailed maps did not emerge until the arrival of the Magellan orbiter in 1991. Plans have been proposed for rovers or more complex missions, but they are hindered by Venus'' hostile surface conditions. 

The possibility of life on Venus has long been a topic of speculation, and in recent years has received active research. Following a 2019 observation that the light absorbance of the upper cloud layers was consistent with the presence of microorganisms, a September 2020 article in Nature Astronomy announced the detection of phosphine gas, a biomarker, in concentrations higher than can be explained by any known abiotic source.', 3, N'e207b068-4d3e-4881-b6d2-0bbf7bb9214e', N'https://www.youtube.com/embed/ZFUgy3crCYY', N'Crash Course Astronomy on YouTube', N'default')
INSERT [dbo].[tbl_materi] ([materiid], [courseid], [title], [date], [description], [number], [encrypt_id], [video], [video_source], [subject_source]) VALUES (1006, 6, N'Level 3 Subject 1', CAST(N'2020-10-05T09:39:34.493' AS DateTime), N'Lorem ipsum dolor sit amet, consectetur sita adipiscing elit. Proin molestie accumsan orci suneget placerat. Etiama faucibuss orci quis posuere vestibulu. Ut id purusos ultricies, dictumax quam id, ullamcorper urna. 

Curabitur sitdown nisi vitae nisi vestotana vestibul ut non massa. Aliquam erat volutpat. Morbi nect nunc et orci euismode finibus. Donec lobortis venenatis turpis. Aenean act congue arcu, nect porttitor magna. Nam consequa ligula nibh, in maximus gravida. Vivamus nuornare masa. Quisque sed honcus leo, ullamcorper auctor mi. Maecenas mollis purus, mattis nisl condimentum. Nam eros elementu, congue diam imperdiet, interdum tellus.', 1, N'dcce2386-7e48-4434-a7f1-7b4f1fdf0236', N'https://www.youtube.com/embed/0rHUDWjR5gg', N'Crash Course Astronomy on YouTube', N'default')
INSERT [dbo].[tbl_materi] ([materiid], [courseid], [title], [date], [description], [number], [encrypt_id], [video], [video_source], [subject_source]) VALUES (1007, 6, N'Level 3 Subject 2', CAST(N'2020-10-05T10:02:02.800' AS DateTime), N'Lorem ipsum dolor sit amet, consectetur sita adipiscing elit. Proin molestie accumsan orci suneget placerat. Etiama faucibuss orci quis posuere vestibulu. Ut id purusos ultricies, dictumax quam id, ullamcorper urna. 

Curabitur sitdown nisi vitae nisi vestotana vestibul ut non massa. Aliquam erat volutpat. Morbi nect nunc et orci euismode finibus. Donec lobortis venenatis turpis. Aenean act congue arcu, nect porttitor magna. Nam consequa ligula nibh, in maximus gravida. Vivamus nuornare masa. Quisque sed honcus leo, ullamcorper auctor mi. Maecenas mollis purus, mattis nisl condimentum. Nam eros elementu, congue diam imperdiet, interdum tellus.', 2, N'b472fcd2-b3b9-43c6-9582-0314fed82eef', N'https://www.youtube.com/embed/0rHUDWjR5gg', N'Crash Course Astronomy on YouTube', N'default')
INSERT [dbo].[tbl_materi] ([materiid], [courseid], [title], [date], [description], [number], [encrypt_id], [video], [video_source], [subject_source]) VALUES (1010, 4, N'Astronomical Unit', CAST(N'2020-10-09T15:21:19.993' AS DateTime), N'The astronomical unit (symbol: au, or AU) is a unit of length, roughly the distance from Earth to the Sun and equal to about 150 million kilometres (93 million miles). The actual distance varies as Earth orbits the Sun, from a maximum (aphelion) to a minimum (perihelion) and back again once each year. The AU was originally conceived as the average of Earth''''s aphelion and perihelion; however, since 2012 it has been defined as exactly 149597870700 m.

The astronomical unit is used primarily for measuring distances within the Solar System or around other stars. It is also a fundamental component in the definition of another unit of astronomical length, the parsec.

1 astronomical unit is 149597870700 metres (exactly),
˜ 92955807 miles, 
˜ 499.00478384 light-seconds, 
˜ 4.8481368×10-6 parsecs, 
˜ 1.5812507×10-5 light-years. 

As defined by the IAU, the light-year is the product of the Julian year (365.25 days as opposed to the 365.2425-day Gregorian year) and the speed of light (299792458 m/s). Both of these values are included in the IAU (1976) System of Astronomical Constants, used since 1984. From this, the following conversions can be derived. The IAU recognized abbreviation for light-year is ly, although other standards like ISO 80000 use "l.y." and localized abbreviations are frequent, such as "al" in French (from année-lumière), Spanish (from año luz) and Italian (from anno luce), "Lj" in German (from Lichtjahr), etc. 

Definition of the parsec is exactly 648000/p astronomical units, or approximately 3.08567758149137×1016 metres (based on the IAU 2012 exact SI definition of the astronomical unit). This corresponds to the small-angle definition of the parsec found in many contemporary astronomical references.', 3, N'22fb8846-62ae-4151-a66a-4f43d314e67c', N'https://www.youtube.com/embed/CWMh61yutjU', N'Crash Course on YouTube.', N'Beijing, China: International Astronomical Union, 31 August 2012, The XXVIII General Assembly of International Astronomical Union. ')
INSERT [dbo].[tbl_materi] ([materiid], [courseid], [title], [date], [description], [number], [encrypt_id], [video], [video_source], [subject_source]) VALUES (1011, 4, N'Introduction', CAST(N'2020-10-09T15:22:26.933' AS DateTime), N'Astronomy (from Greek: astronomia, literally meaning the science that studies the laws of the stars) is a natural science that studies celestial objects and phenomena. It uses mathematics, physics, and chemistry in order to explain their origin and evolution. Objects of interest include planets, moons, stars, nebulae, galaxies, and comets. Relevant phenomena include supernova explosions, gamma ray bursts, quasars, blazars, pulsars, and cosmic microwave background radiation. More generally, astronomy studies everything that originates outside Earth''''s atmosphere. Cosmology is a branch of astronomy. It studies the Universe as a whole.

Astronomy is one of the oldest natural sciences. The early civilizations in recorded history made methodical observations of the night sky. These include the Babylonians, Greeks, Indians, Egyptians, Chinese, Maya, and many ancient indigenous peoples of the Americas. In the past, astronomy included disciplines as diverse as astrometry, celestial navigation, observational astronomy, and the making of calendars. Nowadays, professional astronomy is often said to be the same as astrophysics.

Professional astronomy is split into observational and theoretical branches. Observational astronomy is focused on acquiring data from observations of astronomical objects. This data is then analyzed using basic principles of physics. Theoretical astronomy is oriented toward the development of computer or analytical models to describe astronomical objects and phenomena. These two fields complement each other. Theoretical astronomy seeks to explain observational results and observations are used to confirm theoretical results.

Astronomy is one of the few sciences in which amateurs play an active role. This is especially true for the discovery and observation of transient events. Amateur astronomers have helped with many important discoveries, such as finding new comets.', 1, N'1c11e545-d38e-4ba1-bff3-c83d082da66a', N'https://www.youtube.com/embed/0rHUDWjR5gg', N'Crash Course on YouTube.', N'Unsöld, Albrecht; Baschek, Bodo (2001). Classical Astronomy and the Solar System – Introduction.')
INSERT [dbo].[tbl_materi] ([materiid], [courseid], [title], [date], [description], [number], [encrypt_id], [video], [video_source], [subject_source]) VALUES (2013, 4, N'Solar System', CAST(N'2020-10-19T07:28:58.670' AS DateTime), N'The Solar System is the gravitationally bound system of the Sun and the objects that orbit it, either directly or indirectly. Of the objects that orbit the Sun directly, the largest are the eight planets, with the remainder being smaller objects, the dwarf planets and small Solar System bodies. Of the objects that orbit the Sun indirectly—the moons—two are larger than the smallest planet, Mercury.

The Solar System formed 4.6 billion years ago from the gravitational collapse of a giant interstellar molecular cloud. The vast majority of the system''''s mass is in the Sun, with the majority of the remaining mass contained in Jupiter. The four smaller inner planets, Mercury, Venus, Earth and Mars, are terrestrial planets, being primarily composed of rock and metal. The four outer planets are giant planets, being substantially more massive than the terrestrials. The two largest planets, Jupiter and Saturn, are gas giants, being composed mainly of hydrogen and helium; the two outermost planets, Uranus and Neptune, are ice giants, being composed mostly of substances with relatively high melting points compared with hydrogen and helium, called volatiles, such as water, ammonia and methane. All eight planets have almost circular orbits that lie within a nearly flat disc called the ecliptic.

The Solar System also contains smaller objects. The asteroid belt, which lies between the orbits of Mars and Jupiter, mostly contains objects composed, like the terrestrial planets, of rock and metal. Beyond Neptune''''s orbit lie the Kuiper belt and scattered disc, which are populations of trans-Neptunian objects composed mostly of ices, and beyond them a newly discovered population of sednoids. Within these populations, some objects are large enough to have rounded under their own gravity, though there is considerable debate as to how many there will prove to be. Such objects are categorized as dwarf planets. The only certain dwarf planet is Pluto, with another trans-Neptunian object, Eris, expected to be, and the asteroid Ceres at least close to being a dwarf planet. In addition to these two regions, various other small-body populations, including comets, centaurs and interplanetary dust clouds, freely travel between regions. Six of the planets, the six largest possible dwarf planets, and many of the smaller bodies are orbited by natural satellites, usually termed "moons" after the Moon. Each of the outer planets is encircled by planetary rings of dust and other small objects.', 2, N'3758af31-706f-4e83-80a7-c4075309fbdd', N'https://www.youtube.com/embed/TKM0P3XlMNA', N'Crash Course on YouTube.', N'NASA/JPL Solar System Dynamics.')
INSERT [dbo].[tbl_materi] ([materiid], [courseid], [title], [date], [description], [number], [encrypt_id], [video], [video_source], [subject_source]) VALUES (2014, 4, N'The Sun', CAST(N'2020-10-19T07:33:49.943' AS DateTime), N'The Sun is the star at the center of the Solar System. It is a nearly perfect sphere of hot plasma, heated to incandescence by nuclear fusion reactions in its core, radiating the energy mainly as light and infrared radiation. It is by far the most important source of energy for life on Earth. Its diameter is about 1.39 million kilometres (864,000 miles), or 109 times that of Earth, and its mass is about 330,000 times that of Earth. It accounts for about 99.86% of the total mass of the Solar System. Roughly three quarters of the Sun''''s mass consists of hydrogen (~73%); the rest is mostly helium (~25%), with much smaller quantities of heavier elements, including oxygen, carbon, neon, and iron. 

The Sun is a G-type main-sequence star (G2V) based on its spectral class. As such, it is informally and not completely accurately referred to as a yellow dwarf (its light is closer to white than yellow). It formed approximately 4.6 billion years ago from the gravitational collapse of matter within a region of a large molecular cloud. Most of this matter gathered in the center, whereas the rest flattened into an orbiting disk that became the Solar System. The central mass became so hot and dense that it eventually initiated nuclear fusion in its core. It is thought that almost all stars form by this process. 

In its core the Sun currently fuses about 600 million tons of hydrogen into helium every second, converting 4 million tons of matter into energy every second as a result. This energy, which can take between 10,000 and 170,000 years to escape the core, is the source of the Sun''''s light and heat. When hydrogen fusion in its core has diminished to the point at which the Sun is no longer in hydrostatic equilibrium, its core will undergo a marked increase in density and temperature while its outer layers expand, eventually transforming the Sun into a red giant. It is calculated that the Sun will become sufficiently large to engulf the current orbits of Mercury and Venus, and render Earth uninhabitable – but not for about five billion years. After this, it will shed its outer layers and become a dense type of cooling star known as a white dwarf, and no longer produce energy by fusion, but still glow and give off heat from its previous fusion. 

The enormous effect of the Sun on Earth has been recognized since prehistoric times. The Sun has been regarded by some cultures as a deity. The synodic rotation of Earth and its orbit around the Sun are the basis of solar calendars, one of which is the predominant calendar in use today.', 4, N'e72d8b31-ccc4-4576-bc3f-6acf10039e52', N'https://www.youtube.com/embed/b22HKFMIfWo', N'Crash Course on YouTube.', N'Solar System Exploration: Planets: Sun: Facts & Figures. NASA.')
INSERT [dbo].[tbl_materi] ([materiid], [courseid], [title], [date], [description], [number], [encrypt_id], [video], [video_source], [subject_source]) VALUES (2015, 4, N'The Earth', CAST(N'2020-10-19T07:35:22.300' AS DateTime), N'Earth is the third planet from the Sun and the only astronomical object known to harbor life. About 29% of Earth''''s surface is land consisting of continents and islands. The remaining 71% is covered with water, mostly by oceans but also lakes, rivers and other fresh water, which together constitute the hydrosphere. The majority of Earth''''s polar regions are covered in ice, including the Antarctic ice sheet and the sea ice of the Arctic ice pack. Earth''''s outer layer is divided into several rigid tectonic plates that migrate across the surface over many millions of years. Earth''''s interior remains active with a solid iron inner core, a liquid outer core that generates Earth''''s magnetic field, and a convecting mantle that drives plate tectonics.

According to radiometric dating estimation and other evidence, Earth formed over 4.5 billion years ago. Within the first billion years of Earth''''s history, life appeared in the oceans and began to affect Earth''''s atmosphere and surface, leading to the proliferation of anaerobic and, later, aerobic organisms. Some geological evidence indicates that life may have arisen as early as 4.1 billion years ago. Since then, the combination of Earth''''s distance from the Sun, physical properties and geological history have allowed life to evolve and thrive.

In the history of life on Earth, biodiversity has gone through long periods of expansion, occasionally punctuated by mass extinctions. Over 99% of all species that ever lived on Earth are extinct. Estimates of the number of species on Earth today vary widely; most species have not been described. Almost 8 billion humans live on Earth and depend on its biosphere and natural resources for their survival.

Earth''''s gravity interacts with other objects in space, especially the Sun and the Moon, which is Earth''''s only natural satellite. Earth orbits around the Sun in about 365.25 days. Earth''''s axis of rotation is tilted with respect to its orbital plane, producing seasons on Earth. The gravitational interaction between Earth and the Moon causes tides, stabilizes Earth''''s orientation on its axis, and gradually slows its rotation. Earth is the densest planet in the Solar System and the largest and most massive of the four rocky planets.', 5, N'6620bf44-82d7-4682-8fc5-467c08855f50', N'https://www.youtube.com/embed/w-9gDALvMF4', N'Crash Course on YouTube.', N'Williams, David R. (16 March 2017). "Earth Fact Sheet". NASA/Goddard Space Flight Center.')
INSERT [dbo].[tbl_materi] ([materiid], [courseid], [title], [date], [description], [number], [encrypt_id], [video], [video_source], [subject_source]) VALUES (2016, 5, N'Mars', CAST(N'2020-10-19T07:54:29.450' AS DateTime), N'Mars is the fourth planet from the Sun and the second-smallest planet in the Solar System (in adherence with the IAU''s controversial 2006 definition of planet), being larger than only Mercury. In English, Mars carries the name of the Roman god of war and is often referred to as the "Red Planet". The latter refers to the effect of the iron oxide prevalent on Mars''s surface, which gives it a reddish appearance distinctive among the astronomical bodies visible to the naked eye. Mars is a terrestrial planet with a thin atmosphere, with surface features reminiscent of the impact craters of the Moon and the valleys, deserts and polar ice caps of Earth. 

The days and seasons are comparable to those of Earth, because the rotational period as well as the tilt of the rotational axis relative to the ecliptic plane are similar. Mars is the site of Olympus Mons, the largest volcano and highest known mountain on any planet in the Solar System, and of Valles Marineris, one of the largest canyons in the Solar System. The smooth Borealis basin in the northern hemisphere covers 40% of the planet and may be a giant impact feature. Mars has two moons, Phobos and Deimos, which are small and irregularly shaped. These may be captured asteroids, similar to 5261 Eureka, a Mars trojan. 

Mars has been explored by several uncrewed spacecraft. Mariner 4 was the first spacecraft to visit Mars; launched by NASA on 28 November 1964, it made its closest approach to the planet on 15 July 1965. Mariner 4 detected the weak Martian radiation belt, measured at about 0.1% that of Earth, and captured the first images of another planet from deep space. The Soviet Mars 3 mission included a lander, which achieved a soft landing in December 1971 however, contact was lost seconds after touchdown. On 20 July 1976, Viking 1 performed the first successful landing on the Martian surface. On 4 July 1997, the Mars Pathfinder spacecraft landed on Mars and on 5 July released its rover, Sojourner, the first robotic rover to operate on Mars. The Mars Express orbiter, the first European Space Agency (ESA) spacecraft to visit Mars, arrived in orbit on 25 December 2003. In January 2004, the Mars Exploration Rovers, named Spirit and Opportunity, both landed on Mars. Spirit operated until 22 March 2010 and Opportunity lasted until 10 June 2018. On 24 September 2014, the Indian Space Research Organisation (ISRO) became the fourth space agency to visit Mars when its maiden interplanetary mission, the Mars Orbiter Mission spacecraft, arrived in orbit. 

There are investigations assessing the past habitability of Mars, as well as the possibility of extant life. Astrobiology missions are planned, including the Perseverance and Rosalind Franklin rovers. Liquid water on the surface of Mars cannot exist due to low atmospheric pressure, which is less than 1% of the atmospheric pressure on Earth, except at the lowest elevations for short periods. The two polar ice caps appear to be made largely of water. The volume of water ice in the south polar ice cap, if melted, would be sufficient to cover the planetary surface to a depth of 11 metres (36 ft). In November 2016, NASA reported finding a large amount of underground ice in the Utopia Planitia region. The volume of water detected has been estimated to be equivalent to the volume of water in Lake Superior. 

Mars can easily be seen from Earth with the naked eye, as can its reddish coloring. Its apparent magnitude reaches -2.94, which is surpassed only by Venus, the Moon and the Sun. Optical ground-based telescopes are typically limited to resolving features about 300 kilometres (190 mi) across when Earth and Mars are closest because of Earth''s atmosphere. ', 4, N'0e432de1-1d53-47e0-ad9c-30f75d98cb00', N'https://www.youtube.com/embed/I-88YWx71gE', N'Crash Course Astronomy on YouTube', N'default')
INSERT [dbo].[tbl_materi] ([materiid], [courseid], [title], [date], [description], [number], [encrypt_id], [video], [video_source], [subject_source]) VALUES (2017, 5, N'Asteroids', CAST(N'2020-10-19T07:56:51.137' AS DateTime), N'Asteroids are minor planets, especially of the inner Solar System. Larger asteroids have also been called planetoids. These terms have historically been applied to any astronomical object orbiting the Sun that did not resolve into a disc in a telescope and was not observed to have characteristics of an active comet such as a tail. As minor planets in the outer Solar System were discovered that were found to have volatile-rich surfaces similar to comets, these came to be distinguished from the objects found in the main asteroid belt. 

In this article, the term "asteroid" refers to the minor planets of the inner Solar System, including those co-orbital with Jupiter.

The first asteroid to be discovered, Ceres, was originally considered to be a new planet. This was followed by the discovery of other similar bodies, which, with the equipment of the time, appeared to be points of light, like stars, showing little or no planetary disc, though readily distinguishable from stars due to their apparent motions. This prompted the astronomer Sir William Herschel to propose the term "asteroid", coined in Greek as ?ste??e?d??, or asteroeides, meaning ''star-like, star-shaped'', and derived from the Ancient Greek ?st?? aster ''star, planet''. In the early second half of the nineteenth century, the terms "asteroid" and "planet" (not always qualified as "minor") were still used interchangeably. 

Millions of asteroids exist, many are shattered remnants of planetesimals, bodies within the young Sun''s solar nebula that never grew large enough to become planets. The vast majority of known asteroids orbit within the main asteroid belt located between the orbits of Mars and Jupiter, or are co-orbital with Jupiter (the Jupiter trojans). However, other orbital families exist with significant populations, including the near-Earth objects. Individual asteroids are classified by their characteristic spectra, with the majority falling into three main groups: C-type, M-type, and S-type. These were named after and are generally identified with carbon-rich, metallic, and silicate (stony) compositions, respectively. The sizes of asteroids varies greatly; the largest, Ceres, is almost 1,000 km (600 mi) across and massive enough to qualify as a dwarf planet.', 5, N'270c746f-0cd0-4d58-930f-7def13d90537', N'https://www.youtube.com/embed/auxpcdQimCs', N'Crash Course Astronomy on YouTube', N'default')
INSERT [dbo].[tbl_materi] ([materiid], [courseid], [title], [date], [description], [number], [encrypt_id], [video], [video_source], [subject_source]) VALUES (2018, 5, N'The Moon', CAST(N'2020-10-19T07:59:36.417' AS DateTime), N'The Moon is an astronomical body orbiting Earth and is the planet''s only natural satellite. It is the fifth-largest satellite in the Solar System, and by far[ the largest among planetary satellites relative to the size of the planet that it orbits. The Moon is, after Jupiter''s satellite Io, the second-densest satellite in the Solar System among those whose densities are known.

The Moon is thought to have formed about 4.51 billion years ago, not long after Earth. The most widely accepted explanation is that the Moon formed from the debris left over after a giant impact between Earth and a hypothetical Mars-sized body called Theia. New research of Moon rocks, although not rejecting the Theia hypothesis, suggests that the Moon may be older than previously thought.

The Moon is in synchronous rotation with Earth, and thus always shows the same side to Earth, the near side. Because of libration, slightly more than half (about 59%) of the total lunar surface can be viewed from Earth. The near side is marked by dark volcanic maria that fill the spaces between the bright ancient crustal highlands and the prominent impact craters. After the Sun, the Moon is the second-brightest celestial object regularly visible in Earth''s sky. Its surface is actually dark, although compared to the night sky it appears very bright, with a reflectance just slightly higher than that of worn asphalt. Its gravitational influence produces the ocean tides, body tides, and the slight lengthening of the day.

The Moon''s average orbital distance is 384,402 km (238,856 mi), or 1.28 light-seconds. This is about thirty times the diameter of Earth. The Moon''s apparent size in the sky is almost the same as that of the Sun, since the star is about 400 times the lunar distance and diameter. Therefore, the Moon covers the Sun nearly precisely during a total solar eclipse. This matching of apparent visual size will not continue in the far future because the Moon''s distance from Earth is gradually increasing.

The Moon was first reached by a human-made object in September 1959, when the Soviet Union''s Luna 2, an uncrewed spacecraft, was intentionally crashed onto the lunar surface. This accomplishment was followed by the first successful soft landing on the Moon by Luna 9 in 1966. The United States'' NASA Apollo program achieved the only human lunar missions to date, beginning with the first human orbital mission by Apollo 8 in 1968, and six human landings between 1969 and 1972, with the first being Apollo 11 in July 1969. These missions returned lunar rocks which have been used to develop a geological understanding of the Moon''s origin, internal structure, and the Moon''s later history. Since the 1972 Apollo 17 mission, the Moon has been visited only by un-crewed spacecraft.

Both the Moon''s natural prominence in the earthly sky and its regular cycle of phases as seen from Earth have provided cultural references and influences for human societies and cultures since time immemorial. Such cultural influences can be found in language, lunar calendar systems, art, and mythology.', 1, N'0ce10182-b33f-4b95-9a16-40e8d42f6937', N'https://www.youtube.com/embed/mCzchPx3yF8', N'Crash Course Astronomy on YouTube', N'default')
SET IDENTITY_INSERT [dbo].[tbl_materi] OFF
GO
SET IDENTITY_INSERT [dbo].[tbl_quiz] ON 

INSERT [dbo].[tbl_quiz] ([quizid], [courseid], [question], [opt_a], [opt_b], [opt_c], [opt_d], [answer], [number], [encrypt_id]) VALUES (9, 5, N'Number 2', N'Incorrect', N'Correct', N'Incorrect', N'Incorrect', N'b', 2, N'5b5513b6-5d32-4757-bc71-793fd3dc9506')
INSERT [dbo].[tbl_quiz] ([quizid], [courseid], [question], [opt_a], [opt_b], [opt_c], [opt_d], [answer], [number], [encrypt_id]) VALUES (10, 5, N'Number 3', N'Incorrect', N'Incorrect', N'Correct', N'Incorrect', N'c', 3, N'4f6e84d3-add5-4868-8bb6-bab50e221940')
INSERT [dbo].[tbl_quiz] ([quizid], [courseid], [question], [opt_a], [opt_b], [opt_c], [opt_d], [answer], [number], [encrypt_id]) VALUES (1009, 5, N'Number 1', N'Correct', N'Incorrect', N'Incorrect', N'Incorrect', N'a', 1, N'43038503-44b8-4746-ad20-e13d8f707c1b')
INSERT [dbo].[tbl_quiz] ([quizid], [courseid], [question], [opt_a], [opt_b], [opt_c], [opt_d], [answer], [number], [encrypt_id]) VALUES (1012, 5, N'Number 4', N'Incorrect', N'Incorrect', N'Correct', N'Incorrect', N'c', 4, N'32d10fa3-fcd9-4666-b775-b0481076221d')
INSERT [dbo].[tbl_quiz] ([quizid], [courseid], [question], [opt_a], [opt_b], [opt_c], [opt_d], [answer], [number], [encrypt_id]) VALUES (1013, 5, N'Number 5', N'Incorrect', N'Correct', N'Incorrect', N'Incorrect', N'b', 5, N'2f15aec2-8b35-4d57-86e9-cc4e44380c0c')
INSERT [dbo].[tbl_quiz] ([quizid], [courseid], [question], [opt_a], [opt_b], [opt_c], [opt_d], [answer], [number], [encrypt_id]) VALUES (1015, 4, N'Natural science that studies celestial objects and phenomena. It uses mathematics, physics, and chemistry in order to explain their origin and evolution is called...', N'Astronomy', N'Astrology', N'Horoscope', N'Anatomy', N'a', 1, N'a73a897b-6d63-4290-b913-a9da74230223')
INSERT [dbo].[tbl_quiz] ([quizid], [courseid], [question], [opt_a], [opt_b], [opt_c], [opt_d], [answer], [number], [encrypt_id]) VALUES (2014, 4, N'The Earth is revolving (orbiting) itself around..', N'Itself', N'The Sun', N'The Moon', N'The Solar System', N'b', 2, N'f91e9e82-47c3-4253-8a0f-400108e59548')
INSERT [dbo].[tbl_quiz] ([quizid], [courseid], [question], [opt_a], [opt_b], [opt_c], [opt_d], [answer], [number], [encrypt_id]) VALUES (2015, 4, N'1 AU (Astronomical Unit) is exactly as long as...', N'1 lightyear', N'2 Parsecs', N'149.597.870.700 metres', N'1.000 miles', N'c', 3, N'57caf9f5-b379-4594-a468-0b9b7f069443')
INSERT [dbo].[tbl_quiz] ([quizid], [courseid], [question], [opt_a], [opt_b], [opt_c], [opt_d], [answer], [number], [encrypt_id]) VALUES (2016, 4, N'The Sun gets its light and heat from the process called..', N'Burnout', N'Mitosis', N'Fission', N'Fusion', N'd', 4, N'ae90a9d0-3664-4d9e-9e6f-a085c380f7e8')
INSERT [dbo].[tbl_quiz] ([quizid], [courseid], [question], [opt_a], [opt_b], [opt_c], [opt_d], [answer], [number], [encrypt_id]) VALUES (2017, 4, N'The only rocky planet that is known harbor life is...', N'Venus', N'Earth', N'Mars', N'Mercury', N'b', 5, N'41069ada-2a47-493f-85bd-a375f30c83b6')
SET IDENTITY_INSERT [dbo].[tbl_quiz] OFF
GO
SET IDENTITY_INSERT [dbo].[tbl_ads] ON 

INSERT [dbo].[tbl_ads] ([id], [location], [picture], [link], [customer], [encrypt_id], [duration]) VALUES (1, N'homepageleft', N'301cf4a7-55e1-456b-be14-f8ac78cae3e4-codingid.png', N'http://www.coding.id', N'Coding ID', N'c5129b51-14b4-40f2-baa6-ae1686c0f961', 29)
INSERT [dbo].[tbl_ads] ([id], [location], [picture], [link], [customer], [encrypt_id], [duration]) VALUES (2, N'homepageright', N'3994e1d1-b322-4ae7-bfdf-32f2b6ef71c3-tokopedia.jpg', N'http://www.tokopedia.com', N'Tokopedia', N'00cff3ab-5c99-4f99-b146-1721a50504a3', 29)
INSERT [dbo].[tbl_ads] ([id], [location], [picture], [link], [customer], [encrypt_id], [duration]) VALUES (3, N'newspage', N'0f67a7e1-bcbd-4bfd-9998-4eb799d988b6-blibli.jpg', N'http://www.blibli.com', N'blibli', N'4cebfd27-c921-4ec1-abcf-e90559c99d27', 29)
INSERT [dbo].[tbl_ads] ([id], [location], [picture], [link], [customer], [encrypt_id], [duration]) VALUES (4, N'newsdetail', N'9896e1f2-cb1d-40df-8abb-cddb58ce2504-blibli.jpg', N'http://www.blibli.com', N'blibli', N'cd67aac8-51fa-4fe2-8f66-efec1856d4b5', 29)
INSERT [dbo].[tbl_ads] ([id], [location], [picture], [link], [customer], [encrypt_id], [duration]) VALUES (5, N'eventspage', N'09fa7fe4-0fbc-487c-a94c-b08614914c50-default.jpg', N'http://www.mag-theme.com', N'Magazine Theme', N'c2faaba6-d4c0-439f-b880-2775957f94ed', 29)
INSERT [dbo].[tbl_ads] ([id], [location], [picture], [link], [customer], [encrypt_id], [duration]) VALUES (6, N'eventsdetail', N'879b75a9-c205-49a9-97f5-028dbfc2efa5-default.jpg', N'http://www.mag-theme.com', N'Magazine Theme', N'104d6b1c-6a06-486e-8b75-d834ed7e0875', 29)
INSERT [dbo].[tbl_ads] ([id], [location], [picture], [link], [customer], [encrypt_id], [duration]) VALUES (7, N'discussionspage', N'989dea2f-136d-4811-86e5-6f03e9000d9f-codingid.png', N'http://www.coding.id', N'Coding ID', N'78cc711b-2a54-47b4-a08b-6395498f98bd', 29)
INSERT [dbo].[tbl_ads] ([id], [location], [picture], [link], [customer], [encrypt_id], [duration]) VALUES (8, N'discussionsdetail', N'653c1789-cbfe-43c0-8175-be0aae16ee8f-codingid.png', N'http://www.coding.id', N'Coding ID', N'03507212-4c60-4cf4-bda6-8822d8a724fa', 29)
INSERT [dbo].[tbl_ads] ([id], [location], [picture], [link], [customer], [encrypt_id], [duration]) VALUES (9, N'coursepage', N'0467294d-5364-4469-a826-2e39c5df9289-tokopedia.jpg', N'http://www.tokopedia.com', N'Tokopedia', N'1984f965-6244-46d6-8b20-0ad87eedf8d3', 29)
INSERT [dbo].[tbl_ads] ([id], [location], [picture], [link], [customer], [encrypt_id], [duration]) VALUES (10, N'coursedetail', N'fdddbfcb-93a2-4e4d-96ee-8241e7c1593b-tokopedia.jpg', N'http://www.tokopedia.com', N'Lazada', N'ebe96c5d-473e-4881-8fde-3989bd6962fc', 39)
INSERT [dbo].[tbl_ads] ([id], [location], [picture], [link], [customer], [encrypt_id], [duration]) VALUES (11, N'quizpage', N'fdf0f89f-e458-46d7-9964-afcf31f427fc-codingid.png', N'http://www.coding.id', N'Coding ID', N'ef65e081-74b3-4793-9daf-8a5ea1d5cc13', 29)
SET IDENTITY_INSERT [dbo].[tbl_ads] OFF
GO
SET IDENTITY_INSERT [dbo].[tbl_email_template] ON 

INSERT [dbo].[tbl_email_template] ([id], [name], [subject], [body]) VALUES (3, N'newsletter', N'Checkout Astronoob Latest News', N'Hello, {0}! Checkout Our Latest News <a href = "www.astronoob.com/News/{1}"><h4>{2}</h4></a><p style="width: 600px; white-space:nowrap; overflow: hidden; text-overflow:ellipsis;">{3}</p>')
INSERT [dbo].[tbl_email_template] ([id], [name], [subject], [body]) VALUES (4, N'reminder', N'Event Reminder', N'Hello, {0}! <p style="width: 400px">This is a reminder, The event {1} is going to be held tomorrow at {2}. Be there or be square!</p>')
INSERT [dbo].[tbl_email_template] ([id], [name], [subject], [body]) VALUES (5, N'expiration', N'Premium Membership Expired', N'Your premium membership has expired, Thank you for using our service.')
INSERT [dbo].[tbl_email_template] ([id], [name], [subject], [body]) VALUES (6, N'attempt', N'Available Attempt', N'Your wait is no more, You can try another attempt for the quiz that you did last week.')
SET IDENTITY_INSERT [dbo].[tbl_email_template] OFF
GO
SET IDENTITY_INSERT [dbo].[tbl_error_log_history] ON 

INSERT [dbo].[tbl_error_log_history] ([id], [username], [err_msg], [err_loc], [err_date]) VALUES (1, N'Visitor', N'Validation failed for one or more entities. See ''EntityValidationErrors'' property for more details.', N'Register', CAST(N'2020-09-17T00:00:00.000' AS DateTime))
INSERT [dbo].[tbl_error_log_history] ([id], [username], [err_msg], [err_loc], [err_date]) VALUES (2, N'Visitor', N'Validation failed for one or more entities. See ''EntityValidationErrors'' property for more details.', N'Register', CAST(N'2020-09-17T00:00:00.000' AS DateTime))
INSERT [dbo].[tbl_error_log_history] ([id], [username], [err_msg], [err_loc], [err_date]) VALUES (1002, N'Visitor', N'Invalid Username or Password', N'Login', CAST(N'2020-09-21T00:00:00.000' AS DateTime))
INSERT [dbo].[tbl_error_log_history] ([id], [username], [err_msg], [err_loc], [err_date]) VALUES (1003, N'Visitor', N'Invalid Username or Password', N'Login', CAST(N'2020-09-21T00:00:00.000' AS DateTime))
INSERT [dbo].[tbl_error_log_history] ([id], [username], [err_msg], [err_loc], [err_date]) VALUES (1004, N'Visitor', N'Invalid Username or Password', N'Login', CAST(N'2020-09-21T00:00:00.000' AS DateTime))
INSERT [dbo].[tbl_error_log_history] ([id], [username], [err_msg], [err_loc], [err_date]) VALUES (1005, N'Visitor', N'Invalid Username or Password', N'Login', CAST(N'2020-09-21T00:00:00.000' AS DateTime))
INSERT [dbo].[tbl_error_log_history] ([id], [username], [err_msg], [err_loc], [err_date]) VALUES (1006, N'Visitor', N'An error occurred while updating the entries. See the inner exception for details.', N'Register', CAST(N'2020-09-22T00:00:00.000' AS DateTime))
INSERT [dbo].[tbl_error_log_history] ([id], [username], [err_msg], [err_loc], [err_date]) VALUES (1007, N'Visitor', N'An error occurred while updating the entries. See the inner exception for details.', N'Register', CAST(N'2020-09-22T00:00:00.000' AS DateTime))
INSERT [dbo].[tbl_error_log_history] ([id], [username], [err_msg], [err_loc], [err_date]) VALUES (1008, N'Visitor', N'Invalid Username or Password', N'Login', CAST(N'2020-09-22T00:00:00.000' AS DateTime))
INSERT [dbo].[tbl_error_log_history] ([id], [username], [err_msg], [err_loc], [err_date]) VALUES (1009, N'Visitor', N'Invalid Username or Password', N'Login', CAST(N'2020-09-22T00:00:00.000' AS DateTime))
INSERT [dbo].[tbl_error_log_history] ([id], [username], [err_msg], [err_loc], [err_date]) VALUES (1010, N'Visitor', N'Invalid Username or Password', N'Login', CAST(N'2020-09-22T00:00:00.000' AS DateTime))
INSERT [dbo].[tbl_error_log_history] ([id], [username], [err_msg], [err_loc], [err_date]) VALUES (1011, N'Visitor', N'Invalid Username or Password', N'Login', CAST(N'2020-09-22T00:00:00.000' AS DateTime))
INSERT [dbo].[tbl_error_log_history] ([id], [username], [err_msg], [err_loc], [err_date]) VALUES (1012, N'Visitor', N'Invalid Username or Password', N'Login', CAST(N'2020-09-22T00:00:00.000' AS DateTime))
INSERT [dbo].[tbl_error_log_history] ([id], [username], [err_msg], [err_loc], [err_date]) VALUES (1013, N'Visitor', N'Invalid Username or Password', N'Login', CAST(N'2020-09-22T00:00:00.000' AS DateTime))
INSERT [dbo].[tbl_error_log_history] ([id], [username], [err_msg], [err_loc], [err_date]) VALUES (1014, N'Visitor', N'Invalid Username or Password', N'Login', CAST(N'2020-09-22T00:00:00.000' AS DateTime))
INSERT [dbo].[tbl_error_log_history] ([id], [username], [err_msg], [err_loc], [err_date]) VALUES (1015, N'Visitor', N'Invalid Username or Password', N'Login', CAST(N'2020-09-22T00:00:00.000' AS DateTime))
INSERT [dbo].[tbl_error_log_history] ([id], [username], [err_msg], [err_loc], [err_date]) VALUES (1016, N'Visitor', N'Invalid Username or Password', N'Login', CAST(N'2020-09-22T00:00:00.000' AS DateTime))
INSERT [dbo].[tbl_error_log_history] ([id], [username], [err_msg], [err_loc], [err_date]) VALUES (1017, N'Visitor', N'Invalid Username or Password', N'Login', CAST(N'2020-09-22T00:00:00.000' AS DateTime))
INSERT [dbo].[tbl_error_log_history] ([id], [username], [err_msg], [err_loc], [err_date]) VALUES (1018, N'Visitor', N'Invalid Username or Password', N'Login', CAST(N'2020-09-22T00:00:00.000' AS DateTime))
INSERT [dbo].[tbl_error_log_history] ([id], [username], [err_msg], [err_loc], [err_date]) VALUES (1019, N'Visitor', N'Invalid Username or Password', N'Login', CAST(N'2020-09-22T00:00:00.000' AS DateTime))
INSERT [dbo].[tbl_error_log_history] ([id], [username], [err_msg], [err_loc], [err_date]) VALUES (1020, N'Visitor', N'Invalid Username or Password', N'Login', CAST(N'2020-09-22T00:00:00.000' AS DateTime))
INSERT [dbo].[tbl_error_log_history] ([id], [username], [err_msg], [err_loc], [err_date]) VALUES (1021, N'Visitor', N'Invalid Username or Password', N'Login', CAST(N'2020-09-22T00:00:00.000' AS DateTime))
INSERT [dbo].[tbl_error_log_history] ([id], [username], [err_msg], [err_loc], [err_date]) VALUES (1022, N'Visitor', N'Invalid Username or Password', N'Login', CAST(N'2020-09-22T00:00:00.000' AS DateTime))
INSERT [dbo].[tbl_error_log_history] ([id], [username], [err_msg], [err_loc], [err_date]) VALUES (1023, N'Visitor', N'Invalid Username or Password', N'Login', CAST(N'2020-09-22T00:00:00.000' AS DateTime))
INSERT [dbo].[tbl_error_log_history] ([id], [username], [err_msg], [err_loc], [err_date]) VALUES (1024, N'Visitor', N'Invalid Username or Password', N'Login', CAST(N'2020-09-22T00:00:00.000' AS DateTime))
INSERT [dbo].[tbl_error_log_history] ([id], [username], [err_msg], [err_loc], [err_date]) VALUES (1025, N'Visitor', N'Invalid Username or Password', N'Login', CAST(N'2020-09-22T00:00:00.000' AS DateTime))
INSERT [dbo].[tbl_error_log_history] ([id], [username], [err_msg], [err_loc], [err_date]) VALUES (1026, N'Visitor', N'Invalid Username or Password', N'Login', CAST(N'2020-09-22T00:00:00.000' AS DateTime))
INSERT [dbo].[tbl_error_log_history] ([id], [username], [err_msg], [err_loc], [err_date]) VALUES (1027, N'Visitor', N'Invalid Username or Password', N'Login', CAST(N'2020-09-22T00:00:00.000' AS DateTime))
INSERT [dbo].[tbl_error_log_history] ([id], [username], [err_msg], [err_loc], [err_date]) VALUES (1028, N'Visitor', N'Invalid Username or Password', N'Login', CAST(N'2020-09-22T00:00:00.000' AS DateTime))
INSERT [dbo].[tbl_error_log_history] ([id], [username], [err_msg], [err_loc], [err_date]) VALUES (1029, N'Visitor', N'Validation failed for one or more entities. See ''EntityValidationErrors'' property for more details.', N'Register', CAST(N'2020-09-22T00:00:00.000' AS DateTime))
INSERT [dbo].[tbl_error_log_history] ([id], [username], [err_msg], [err_loc], [err_date]) VALUES (1030, N'Visitor', N'Validation failed for one or more entities. See ''EntityValidationErrors'' property for more details.', N'Register', CAST(N'2020-09-22T00:00:00.000' AS DateTime))
INSERT [dbo].[tbl_error_log_history] ([id], [username], [err_msg], [err_loc], [err_date]) VALUES (1031, N'Visitor', N'Invalid Username or Password', N'Login', CAST(N'2020-09-22T00:00:00.000' AS DateTime))
INSERT [dbo].[tbl_error_log_history] ([id], [username], [err_msg], [err_loc], [err_date]) VALUES (1032, N'Visitor', N'Invalid Username or Password', N'Login', CAST(N'2020-09-22T00:00:00.000' AS DateTime))
INSERT [dbo].[tbl_error_log_history] ([id], [username], [err_msg], [err_loc], [err_date]) VALUES (1033, N'Visitor', N'Invalid Username or Password', N'Login', CAST(N'2020-09-22T00:00:00.000' AS DateTime))
INSERT [dbo].[tbl_error_log_history] ([id], [username], [err_msg], [err_loc], [err_date]) VALUES (1034, N'Visitor', N'Invalid Username or Password', N'Login', CAST(N'2020-09-22T00:00:00.000' AS DateTime))
INSERT [dbo].[tbl_error_log_history] ([id], [username], [err_msg], [err_loc], [err_date]) VALUES (1035, N'Visitor', N'Invalid Username or Password', N'Login', CAST(N'2020-09-22T00:00:00.000' AS DateTime))
INSERT [dbo].[tbl_error_log_history] ([id], [username], [err_msg], [err_loc], [err_date]) VALUES (1036, N'Visitor', N'Invalid Username or Password', N'Login', CAST(N'2020-09-22T00:00:00.000' AS DateTime))
INSERT [dbo].[tbl_error_log_history] ([id], [username], [err_msg], [err_loc], [err_date]) VALUES (1037, N'Visitor', N'Invalid Username or Password', N'Login', CAST(N'2020-09-22T00:00:00.000' AS DateTime))
INSERT [dbo].[tbl_error_log_history] ([id], [username], [err_msg], [err_loc], [err_date]) VALUES (1038, N'Visitor', N'Invalid Username or Password', N'Login', CAST(N'2020-09-22T00:00:00.000' AS DateTime))
INSERT [dbo].[tbl_error_log_history] ([id], [username], [err_msg], [err_loc], [err_date]) VALUES (1039, N'Visitor', N'Invalid Username or Password', N'Login', CAST(N'2020-09-22T00:00:00.000' AS DateTime))
INSERT [dbo].[tbl_error_log_history] ([id], [username], [err_msg], [err_loc], [err_date]) VALUES (1040, N'Visitor', N'Invalid Username or Password', N'Login', CAST(N'2020-09-22T00:00:00.000' AS DateTime))
INSERT [dbo].[tbl_error_log_history] ([id], [username], [err_msg], [err_loc], [err_date]) VALUES (1041, N'Visitor', N'Invalid Username or Password', N'Login', CAST(N'2020-09-22T00:00:00.000' AS DateTime))
INSERT [dbo].[tbl_error_log_history] ([id], [username], [err_msg], [err_loc], [err_date]) VALUES (1042, N'Visitor', N'Invalid Username or Password', N'Login', CAST(N'2020-09-22T00:00:00.000' AS DateTime))
INSERT [dbo].[tbl_error_log_history] ([id], [username], [err_msg], [err_loc], [err_date]) VALUES (1043, N'Visitor', N'Invalid Username or Password', N'Login', CAST(N'2020-09-22T00:00:00.000' AS DateTime))
INSERT [dbo].[tbl_error_log_history] ([id], [username], [err_msg], [err_loc], [err_date]) VALUES (1044, N'User', N'Validation failed for one or more entities. See ''EntityValidationErrors'' property for more details.', N'Activation', CAST(N'2020-09-22T00:00:00.000' AS DateTime))
INSERT [dbo].[tbl_error_log_history] ([id], [username], [err_msg], [err_loc], [err_date]) VALUES (1045, N'Visitor', N'Validation failed for one or more entities. See ''EntityValidationErrors'' property for more details.', N'Register', CAST(N'2020-09-22T00:00:00.000' AS DateTime))
INSERT [dbo].[tbl_error_log_history] ([id], [username], [err_msg], [err_loc], [err_date]) VALUES (1046, N'Visitor', N'Validation failed for one or more entities. See ''EntityValidationErrors'' property for more details.', N'Register', CAST(N'2020-09-22T00:00:00.000' AS DateTime))
INSERT [dbo].[tbl_error_log_history] ([id], [username], [err_msg], [err_loc], [err_date]) VALUES (1047, N'Visitor', N'Validation failed for one or more entities. See ''EntityValidationErrors'' property for more details.', N'Register', CAST(N'2020-09-22T00:00:00.000' AS DateTime))
INSERT [dbo].[tbl_error_log_history] ([id], [username], [err_msg], [err_loc], [err_date]) VALUES (1048, N'Visitor', N'Invalid Username or Password', N'Login', CAST(N'2020-09-22T00:00:00.000' AS DateTime))
INSERT [dbo].[tbl_error_log_history] ([id], [username], [err_msg], [err_loc], [err_date]) VALUES (1049, N'Visitor', N'Invalid Username or Password', N'Login', CAST(N'2020-09-22T00:00:00.000' AS DateTime))
INSERT [dbo].[tbl_error_log_history] ([id], [username], [err_msg], [err_loc], [err_date]) VALUES (1050, N'Visitor', N'Invalid Model', N'Login', CAST(N'2020-09-22T00:00:00.000' AS DateTime))
INSERT [dbo].[tbl_error_log_history] ([id], [username], [err_msg], [err_loc], [err_date]) VALUES (1051, N'Visitor', N'Invalid Model', N'Login', CAST(N'2020-09-22T00:00:00.000' AS DateTime))
INSERT [dbo].[tbl_error_log_history] ([id], [username], [err_msg], [err_loc], [err_date]) VALUES (1052, N'Visitor', N'Invalid Username or Password', N'Login', CAST(N'2020-09-23T00:00:00.000' AS DateTime))
INSERT [dbo].[tbl_error_log_history] ([id], [username], [err_msg], [err_loc], [err_date]) VALUES (1053, N'Visitor', N'Invalid Model', N'Login', CAST(N'2020-09-23T00:00:00.000' AS DateTime))
INSERT [dbo].[tbl_error_log_history] ([id], [username], [err_msg], [err_loc], [err_date]) VALUES (1054, N'Visitor', N'Invalid Username or Password', N'Login', CAST(N'2020-09-23T00:00:00.000' AS DateTime))
INSERT [dbo].[tbl_error_log_history] ([id], [username], [err_msg], [err_loc], [err_date]) VALUES (1055, N'Visitor', N'Invalid Model', N'Login', CAST(N'2020-09-23T00:00:00.000' AS DateTime))
INSERT [dbo].[tbl_error_log_history] ([id], [username], [err_msg], [err_loc], [err_date]) VALUES (1056, N'Visitor', N'Invalid Username or Password', N'Login', CAST(N'2020-09-23T00:00:00.000' AS DateTime))
INSERT [dbo].[tbl_error_log_history] ([id], [username], [err_msg], [err_loc], [err_date]) VALUES (1057, N'Visitor', N'Invalid Model', N'Login', CAST(N'2020-09-23T00:00:00.000' AS DateTime))
INSERT [dbo].[tbl_error_log_history] ([id], [username], [err_msg], [err_loc], [err_date]) VALUES (1058, N'Visitor', N'Invalid Model', N'Login', CAST(N'2020-09-23T00:00:00.000' AS DateTime))
INSERT [dbo].[tbl_error_log_history] ([id], [username], [err_msg], [err_loc], [err_date]) VALUES (1059, N'Visitor', N'Invalid Model', N'Login', CAST(N'2020-09-23T00:00:00.000' AS DateTime))
INSERT [dbo].[tbl_error_log_history] ([id], [username], [err_msg], [err_loc], [err_date]) VALUES (1060, N'Visitor', N'Invalid Username or Password', N'Login', CAST(N'2020-09-23T00:00:00.000' AS DateTime))
INSERT [dbo].[tbl_error_log_history] ([id], [username], [err_msg], [err_loc], [err_date]) VALUES (1061, N'Visitor', N'Invalid Model', N'Login', CAST(N'2020-09-23T00:00:00.000' AS DateTime))
INSERT [dbo].[tbl_error_log_history] ([id], [username], [err_msg], [err_loc], [err_date]) VALUES (1062, N'Visitor', N'Invalid Username or Password', N'Login', CAST(N'2020-09-23T00:00:00.000' AS DateTime))
INSERT [dbo].[tbl_error_log_history] ([id], [username], [err_msg], [err_loc], [err_date]) VALUES (1063, N'Visitor', N'Invalid Model', N'Login', CAST(N'2020-09-23T00:00:00.000' AS DateTime))
INSERT [dbo].[tbl_error_log_history] ([id], [username], [err_msg], [err_loc], [err_date]) VALUES (1064, N'Visitor', N'Invalid Model', N'Login', CAST(N'2020-09-24T00:00:00.000' AS DateTime))
INSERT [dbo].[tbl_error_log_history] ([id], [username], [err_msg], [err_loc], [err_date]) VALUES (1065, N'Visitor', N'Invalid Username or Password', N'Login', CAST(N'2020-09-24T00:00:00.000' AS DateTime))
INSERT [dbo].[tbl_error_log_history] ([id], [username], [err_msg], [err_loc], [err_date]) VALUES (1066, N'Visitor', N'Invalid Model', N'Login', CAST(N'2020-09-24T00:00:00.000' AS DateTime))
INSERT [dbo].[tbl_error_log_history] ([id], [username], [err_msg], [err_loc], [err_date]) VALUES (1067, N'User', N'Guid should contain 32 digits with 4 dashes (xxxxxxxx-xxxx-xxxx-xxxx-xxxxxxxxxxxx).', N'Recovery', CAST(N'2020-09-25T00:00:00.000' AS DateTime))
INSERT [dbo].[tbl_error_log_history] ([id], [username], [err_msg], [err_loc], [err_date]) VALUES (1068, N'User', N'Guid should contain 32 digits with 4 dashes (xxxxxxxx-xxxx-xxxx-xxxx-xxxxxxxxxxxx).', N'Recovery', CAST(N'2020-09-25T00:00:00.000' AS DateTime))
INSERT [dbo].[tbl_error_log_history] ([id], [username], [err_msg], [err_loc], [err_date]) VALUES (1069, N'User', N'Guid should contain 32 digits with 4 dashes (xxxxxxxx-xxxx-xxxx-xxxx-xxxxxxxxxxxx).', N'Recovery', CAST(N'2020-09-25T00:00:00.000' AS DateTime))
INSERT [dbo].[tbl_error_log_history] ([id], [username], [err_msg], [err_loc], [err_date]) VALUES (1070, N'User', N'Guid should contain 32 digits with 4 dashes (xxxxxxxx-xxxx-xxxx-xxxx-xxxxxxxxxxxx).', N'Recovery', CAST(N'2020-09-25T00:00:00.000' AS DateTime))
INSERT [dbo].[tbl_error_log_history] ([id], [username], [err_msg], [err_loc], [err_date]) VALUES (1071, N'Visitor', N'Invalid Username or Password', N'Login', CAST(N'2020-09-25T00:00:00.000' AS DateTime))
INSERT [dbo].[tbl_error_log_history] ([id], [username], [err_msg], [err_loc], [err_date]) VALUES (1072, N'Visitor', N'Invalid Model', N'Login', CAST(N'2020-09-25T00:00:00.000' AS DateTime))
INSERT [dbo].[tbl_error_log_history] ([id], [username], [err_msg], [err_loc], [err_date]) VALUES (1073, N'Visitor', N'Invalid Username or Password', N'Login', CAST(N'2020-09-25T00:00:00.000' AS DateTime))
INSERT [dbo].[tbl_error_log_history] ([id], [username], [err_msg], [err_loc], [err_date]) VALUES (1074, N'Visitor', N'Invalid Model', N'Login', CAST(N'2020-09-25T00:00:00.000' AS DateTime))
INSERT [dbo].[tbl_error_log_history] ([id], [username], [err_msg], [err_loc], [err_date]) VALUES (1075, N'Visitor', N'Invalid Model', N'Login', CAST(N'2020-09-25T00:00:00.000' AS DateTime))
INSERT [dbo].[tbl_error_log_history] ([id], [username], [err_msg], [err_loc], [err_date]) VALUES (1076, N'Visitor', N'Invalid Username or Password', N'Login', CAST(N'2020-09-25T00:00:00.000' AS DateTime))
INSERT [dbo].[tbl_error_log_history] ([id], [username], [err_msg], [err_loc], [err_date]) VALUES (1077, N'Visitor', N'Invalid Model', N'Login', CAST(N'2020-09-25T00:00:00.000' AS DateTime))
INSERT [dbo].[tbl_error_log_history] ([id], [username], [err_msg], [err_loc], [err_date]) VALUES (2002, N'Visitor', N'Invalid Username or Password', N'Login', CAST(N'2020-09-25T00:00:00.000' AS DateTime))
INSERT [dbo].[tbl_error_log_history] ([id], [username], [err_msg], [err_loc], [err_date]) VALUES (2003, N'Visitor', N'Invalid Model', N'Login', CAST(N'2020-09-25T00:00:00.000' AS DateTime))
INSERT [dbo].[tbl_error_log_history] ([id], [username], [err_msg], [err_loc], [err_date]) VALUES (2004, N'Visitor', N'Invalid Username or Password', N'Login', CAST(N'2020-09-25T00:00:00.000' AS DateTime))
INSERT [dbo].[tbl_error_log_history] ([id], [username], [err_msg], [err_loc], [err_date]) VALUES (2005, N'Visitor', N'Invalid Model', N'Login', CAST(N'2020-09-25T00:00:00.000' AS DateTime))
INSERT [dbo].[tbl_error_log_history] ([id], [username], [err_msg], [err_loc], [err_date]) VALUES (2006, N'Visitor', N'Invalid Username or Password', N'Login', CAST(N'2020-09-25T00:00:00.000' AS DateTime))
INSERT [dbo].[tbl_error_log_history] ([id], [username], [err_msg], [err_loc], [err_date]) VALUES (2007, N'Visitor', N'Invalid Model', N'Login', CAST(N'2020-09-25T00:00:00.000' AS DateTime))
INSERT [dbo].[tbl_error_log_history] ([id], [username], [err_msg], [err_loc], [err_date]) VALUES (2008, N'Visitor', N'Invalid Username or Password', N'Login', CAST(N'2020-09-25T00:00:00.000' AS DateTime))
INSERT [dbo].[tbl_error_log_history] ([id], [username], [err_msg], [err_loc], [err_date]) VALUES (2009, N'Visitor', N'Invalid Model', N'Login', CAST(N'2020-09-25T00:00:00.000' AS DateTime))
INSERT [dbo].[tbl_error_log_history] ([id], [username], [err_msg], [err_loc], [err_date]) VALUES (2010, N'Visitor', N'Invalid Username or Password', N'Login', CAST(N'2020-09-25T00:00:00.000' AS DateTime))
INSERT [dbo].[tbl_error_log_history] ([id], [username], [err_msg], [err_loc], [err_date]) VALUES (2011, N'Visitor', N'Invalid Model', N'Login', CAST(N'2020-09-25T00:00:00.000' AS DateTime))
INSERT [dbo].[tbl_error_log_history] ([id], [username], [err_msg], [err_loc], [err_date]) VALUES (2012, N'Visitor', N'Invalid Username or Password', N'Login', CAST(N'2020-09-25T00:00:00.000' AS DateTime))
INSERT [dbo].[tbl_error_log_history] ([id], [username], [err_msg], [err_loc], [err_date]) VALUES (2013, N'Visitor', N'Invalid Model', N'Login', CAST(N'2020-09-25T00:00:00.000' AS DateTime))
INSERT [dbo].[tbl_error_log_history] ([id], [username], [err_msg], [err_loc], [err_date]) VALUES (2014, N'Visitor', N'Invalid Username or Password', N'Login', CAST(N'2020-09-26T00:00:00.000' AS DateTime))
INSERT [dbo].[tbl_error_log_history] ([id], [username], [err_msg], [err_loc], [err_date]) VALUES (2015, N'Visitor', N'Invalid Model', N'Login', CAST(N'2020-09-26T00:00:00.000' AS DateTime))
INSERT [dbo].[tbl_error_log_history] ([id], [username], [err_msg], [err_loc], [err_date]) VALUES (2016, N'Visitor', N'Invalid Username or Password', N'Login', CAST(N'2020-09-26T00:00:00.000' AS DateTime))
INSERT [dbo].[tbl_error_log_history] ([id], [username], [err_msg], [err_loc], [err_date]) VALUES (2017, N'Visitor', N'Invalid Model', N'Login', CAST(N'2020-09-26T00:00:00.000' AS DateTime))
INSERT [dbo].[tbl_error_log_history] ([id], [username], [err_msg], [err_loc], [err_date]) VALUES (2018, N'Visitor', N'Invalid Username or Password', N'Login', CAST(N'2020-09-26T00:00:00.000' AS DateTime))
INSERT [dbo].[tbl_error_log_history] ([id], [username], [err_msg], [err_loc], [err_date]) VALUES (2019, N'Visitor', N'Invalid Model', N'Login', CAST(N'2020-09-26T00:00:00.000' AS DateTime))
INSERT [dbo].[tbl_error_log_history] ([id], [username], [err_msg], [err_loc], [err_date]) VALUES (2020, N'User', N'Guid should contain 32 digits with 4 dashes (xxxxxxxx-xxxx-xxxx-xxxx-xxxxxxxxxxxx).', N'Recovery', CAST(N'2020-09-27T00:00:00.000' AS DateTime))
INSERT [dbo].[tbl_error_log_history] ([id], [username], [err_msg], [err_loc], [err_date]) VALUES (2021, N'User', N'Validation failed for one or more entities. See ''EntityValidationErrors'' property for more details.', N'Activation', CAST(N'2020-09-28T00:00:00.000' AS DateTime))
INSERT [dbo].[tbl_error_log_history] ([id], [username], [err_msg], [err_loc], [err_date]) VALUES (2022, N'User', N'Validation failed for one or more entities. See ''EntityValidationErrors'' property for more details.', N'Activation', CAST(N'2020-09-28T00:00:00.000' AS DateTime))
GO
INSERT [dbo].[tbl_error_log_history] ([id], [username], [err_msg], [err_loc], [err_date]) VALUES (2023, N'User', N'Validation failed for one or more entities. See ''EntityValidationErrors'' property for more details.', N'Activation', CAST(N'2020-09-28T00:00:00.000' AS DateTime))
INSERT [dbo].[tbl_error_log_history] ([id], [username], [err_msg], [err_loc], [err_date]) VALUES (2024, N'User', N'Validation failed for one or more entities. See ''EntityValidationErrors'' property for more details.', N'Activation', CAST(N'2020-09-28T00:00:00.000' AS DateTime))
INSERT [dbo].[tbl_error_log_history] ([id], [username], [err_msg], [err_loc], [err_date]) VALUES (2025, N'User', N'Validation failed for one or more entities. See ''EntityValidationErrors'' property for more details.', N'Activation', CAST(N'2020-09-28T00:00:00.000' AS DateTime))
INSERT [dbo].[tbl_error_log_history] ([id], [username], [err_msg], [err_loc], [err_date]) VALUES (2026, N'User', N'Validation failed for one or more entities. See ''EntityValidationErrors'' property for more details.', N'Activation', CAST(N'2020-09-28T00:00:00.000' AS DateTime))
INSERT [dbo].[tbl_error_log_history] ([id], [username], [err_msg], [err_loc], [err_date]) VALUES (2027, N'User', N'Validation failed for one or more entities. See ''EntityValidationErrors'' property for more details.', N'Activation', CAST(N'2020-09-28T00:00:00.000' AS DateTime))
INSERT [dbo].[tbl_error_log_history] ([id], [username], [err_msg], [err_loc], [err_date]) VALUES (2028, N'User', N'Guid should contain 32 digits with 4 dashes (xxxxxxxx-xxxx-xxxx-xxxx-xxxxxxxxxxxx).', N'Activation', CAST(N'2020-09-30T21:36:52.187' AS DateTime))
INSERT [dbo].[tbl_error_log_history] ([id], [username], [err_msg], [err_loc], [err_date]) VALUES (2029, N'Visitor', N'Invalid Model', N'Login', CAST(N'2020-10-01T09:39:00.680' AS DateTime))
INSERT [dbo].[tbl_error_log_history] ([id], [username], [err_msg], [err_loc], [err_date]) VALUES (2030, N'User', N'Guid should contain 32 digits with 4 dashes (xxxxxxxx-xxxx-xxxx-xxxx-xxxxxxxxxxxx).', N'Recovery', CAST(N'2020-10-01T09:44:18.370' AS DateTime))
INSERT [dbo].[tbl_error_log_history] ([id], [username], [err_msg], [err_loc], [err_date]) VALUES (2031, N'Visitor', N'LINQ to Entities does not recognize the method ''System.String Encrypt(System.String)'' method, and this method cannot be translated into a store expression.', N'Login', CAST(N'2020-10-02T14:22:34.483' AS DateTime))
INSERT [dbo].[tbl_error_log_history] ([id], [username], [err_msg], [err_loc], [err_date]) VALUES (2032, N'Visitor', N'LINQ to Entities does not recognize the method ''System.String Encrypt(System.String)'' method, and this method cannot be translated into a store expression.', N'Login', CAST(N'2020-10-02T14:32:26.090' AS DateTime))
INSERT [dbo].[tbl_error_log_history] ([id], [username], [err_msg], [err_loc], [err_date]) VALUES (2033, N'Visitor', N'Invalid Username or Password', N'Login', CAST(N'2020-10-02T14:36:53.540' AS DateTime))
INSERT [dbo].[tbl_error_log_history] ([id], [username], [err_msg], [err_loc], [err_date]) VALUES (2034, N'Visitor', N'Invalid Model', N'Login', CAST(N'2020-10-02T14:36:53.580' AS DateTime))
INSERT [dbo].[tbl_error_log_history] ([id], [username], [err_msg], [err_loc], [err_date]) VALUES (2035, N'Visitor', N'Invalid Username or Password', N'Login', CAST(N'2020-10-02T14:37:26.017' AS DateTime))
INSERT [dbo].[tbl_error_log_history] ([id], [username], [err_msg], [err_loc], [err_date]) VALUES (2036, N'Visitor', N'Invalid Model', N'Login', CAST(N'2020-10-02T14:37:26.050' AS DateTime))
INSERT [dbo].[tbl_error_log_history] ([id], [username], [err_msg], [err_loc], [err_date]) VALUES (2037, N'Visitor', N'Invalid Username or Password', N'Login', CAST(N'2020-10-02T14:37:33.993' AS DateTime))
INSERT [dbo].[tbl_error_log_history] ([id], [username], [err_msg], [err_loc], [err_date]) VALUES (2038, N'Visitor', N'Invalid Model', N'Login', CAST(N'2020-10-02T14:37:34.017' AS DateTime))
INSERT [dbo].[tbl_error_log_history] ([id], [username], [err_msg], [err_loc], [err_date]) VALUES (2039, N'Visitor', N'Invalid Model', N'Login', CAST(N'2020-10-02T14:44:05.743' AS DateTime))
INSERT [dbo].[tbl_error_log_history] ([id], [username], [err_msg], [err_loc], [err_date]) VALUES (2040, N'Visitor', N'Invalid Username or Password', N'Login', CAST(N'2020-10-02T14:44:16.643' AS DateTime))
INSERT [dbo].[tbl_error_log_history] ([id], [username], [err_msg], [err_loc], [err_date]) VALUES (2041, N'Visitor', N'Invalid Model', N'Login', CAST(N'2020-10-02T14:44:16.657' AS DateTime))
INSERT [dbo].[tbl_error_log_history] ([id], [username], [err_msg], [err_loc], [err_date]) VALUES (2042, N'Visitor', N'Invalid Username or Password', N'Login', CAST(N'2020-10-02T14:44:28.410' AS DateTime))
INSERT [dbo].[tbl_error_log_history] ([id], [username], [err_msg], [err_loc], [err_date]) VALUES (2043, N'Visitor', N'Invalid Model', N'Login', CAST(N'2020-10-02T14:44:28.417' AS DateTime))
INSERT [dbo].[tbl_error_log_history] ([id], [username], [err_msg], [err_loc], [err_date]) VALUES (2044, N'Visitor', N'Invalid Model', N'Login', CAST(N'2020-10-02T14:47:18.017' AS DateTime))
INSERT [dbo].[tbl_error_log_history] ([id], [username], [err_msg], [err_loc], [err_date]) VALUES (2045, N'Visitor', N'Invalid Username or Password', N'Login', CAST(N'2020-10-02T15:16:53.293' AS DateTime))
INSERT [dbo].[tbl_error_log_history] ([id], [username], [err_msg], [err_loc], [err_date]) VALUES (2046, N'Visitor', N'Invalid Model', N'Login', CAST(N'2020-10-02T15:16:53.397' AS DateTime))
INSERT [dbo].[tbl_error_log_history] ([id], [username], [err_msg], [err_loc], [err_date]) VALUES (2047, N'Visitor', N'Invalid Username or Password', N'Login', CAST(N'2020-10-02T15:17:00.853' AS DateTime))
INSERT [dbo].[tbl_error_log_history] ([id], [username], [err_msg], [err_loc], [err_date]) VALUES (2048, N'Visitor', N'Invalid Model', N'Login', CAST(N'2020-10-02T15:17:00.917' AS DateTime))
INSERT [dbo].[tbl_error_log_history] ([id], [username], [err_msg], [err_loc], [err_date]) VALUES (2049, N'Admin', N'Store update, insert, or delete statement affected an unexpected number of rows (0). Entities may have been modified or deleted since entities were loaded. See http://go.microsoft.com/fwlink/?LinkId=472540 for information on understanding and handling optimistic concurrency exceptions.', N'Edit Course', CAST(N'2020-10-03T12:34:19.367' AS DateTime))
INSERT [dbo].[tbl_error_log_history] ([id], [username], [err_msg], [err_loc], [err_date]) VALUES (2050, N'Admin', N'Store update, insert, or delete statement affected an unexpected number of rows (0). Entities may have been modified or deleted since entities were loaded. See http://go.microsoft.com/fwlink/?LinkId=472540 for information on understanding and handling optimistic concurrency exceptions.', N'Edit Course', CAST(N'2020-10-03T12:36:46.617' AS DateTime))
INSERT [dbo].[tbl_error_log_history] ([id], [username], [err_msg], [err_loc], [err_date]) VALUES (2051, N'Visitor', N'Invalid Username or Password', N'Login', CAST(N'2020-10-03T14:36:44.457' AS DateTime))
INSERT [dbo].[tbl_error_log_history] ([id], [username], [err_msg], [err_loc], [err_date]) VALUES (2052, N'Visitor', N'Invalid Model', N'Login', CAST(N'2020-10-03T14:36:44.530' AS DateTime))
INSERT [dbo].[tbl_error_log_history] ([id], [username], [err_msg], [err_loc], [err_date]) VALUES (2053, N'Visitor', N'Invalid Username or Password', N'Login', CAST(N'2020-10-03T15:37:33.900' AS DateTime))
INSERT [dbo].[tbl_error_log_history] ([id], [username], [err_msg], [err_loc], [err_date]) VALUES (2054, N'Visitor', N'Invalid Model', N'Login', CAST(N'2020-10-03T15:37:33.997' AS DateTime))
INSERT [dbo].[tbl_error_log_history] ([id], [username], [err_msg], [err_loc], [err_date]) VALUES (3028, N'Visitor', N'Invalid Username or Password', N'Login', CAST(N'2020-10-05T21:20:50.413' AS DateTime))
INSERT [dbo].[tbl_error_log_history] ([id], [username], [err_msg], [err_loc], [err_date]) VALUES (3029, N'Visitor', N'Invalid Model', N'Login', CAST(N'2020-10-05T21:20:50.610' AS DateTime))
INSERT [dbo].[tbl_error_log_history] ([id], [username], [err_msg], [err_loc], [err_date]) VALUES (3030, N'Visitor', N'Invalid Username or Password', N'Login', CAST(N'2020-10-05T22:54:45.647' AS DateTime))
INSERT [dbo].[tbl_error_log_history] ([id], [username], [err_msg], [err_loc], [err_date]) VALUES (3031, N'Visitor', N'Invalid Model', N'Login', CAST(N'2020-10-05T22:54:45.840' AS DateTime))
INSERT [dbo].[tbl_error_log_history] ([id], [username], [err_msg], [err_loc], [err_date]) VALUES (3032, N'Visitor', N'Invalid Username or Password', N'Login', CAST(N'2020-10-06T20:45:15.060' AS DateTime))
INSERT [dbo].[tbl_error_log_history] ([id], [username], [err_msg], [err_loc], [err_date]) VALUES (3033, N'Visitor', N'Invalid Model', N'Login', CAST(N'2020-10-06T20:45:15.443' AS DateTime))
INSERT [dbo].[tbl_error_log_history] ([id], [username], [err_msg], [err_loc], [err_date]) VALUES (3034, N'Visitor', N'The connection is already in a transaction and cannot participate in another transaction. EntityClient does not support parallel transactions.', N'Register', CAST(N'2020-10-07T08:19:41.923' AS DateTime))
INSERT [dbo].[tbl_error_log_history] ([id], [username], [err_msg], [err_loc], [err_date]) VALUES (3035, N'Visitor', N'The connection is already in a transaction and cannot participate in another transaction. EntityClient does not support parallel transactions.', N'Register', CAST(N'2020-10-07T08:20:01.897' AS DateTime))
INSERT [dbo].[tbl_error_log_history] ([id], [username], [err_msg], [err_loc], [err_date]) VALUES (3036, N'Visitor', N'The connection is already in a transaction and cannot participate in another transaction. EntityClient does not support parallel transactions.', N'Register', CAST(N'2020-10-07T08:21:40.527' AS DateTime))
INSERT [dbo].[tbl_error_log_history] ([id], [username], [err_msg], [err_loc], [err_date]) VALUES (3037, N'Visitor', N'The connection is already in a transaction and cannot participate in another transaction. EntityClient does not support parallel transactions.', N'Register', CAST(N'2020-10-07T08:21:54.800' AS DateTime))
INSERT [dbo].[tbl_error_log_history] ([id], [username], [err_msg], [err_loc], [err_date]) VALUES (3038, N'Visitor', N'Invalid Model', N'Login', CAST(N'2020-10-07T08:22:55.413' AS DateTime))
INSERT [dbo].[tbl_error_log_history] ([id], [username], [err_msg], [err_loc], [err_date]) VALUES (3039, N'Visitor', N'The connection is already in a transaction and cannot participate in another transaction. EntityClient does not support parallel transactions.', N'Register', CAST(N'2020-10-07T08:25:49.337' AS DateTime))
INSERT [dbo].[tbl_error_log_history] ([id], [username], [err_msg], [err_loc], [err_date]) VALUES (3040, N'Visitor', N'Invalid Model', N'Login', CAST(N'2020-10-07T08:28:48.517' AS DateTime))
INSERT [dbo].[tbl_error_log_history] ([id], [username], [err_msg], [err_loc], [err_date]) VALUES (3041, N'Visitor', N'Invalid Model', N'Login', CAST(N'2020-10-07T08:28:51.870' AS DateTime))
INSERT [dbo].[tbl_error_log_history] ([id], [username], [err_msg], [err_loc], [err_date]) VALUES (3042, N'Visitor', N'The connection is already in a transaction and cannot participate in another transaction. EntityClient does not support parallel transactions.', N'Register', CAST(N'2020-10-07T08:32:16.553' AS DateTime))
INSERT [dbo].[tbl_error_log_history] ([id], [username], [err_msg], [err_loc], [err_date]) VALUES (3043, N'Visitor', N'The connection is already in a transaction and cannot participate in another transaction. EntityClient does not support parallel transactions.', N'Register', CAST(N'2020-10-07T08:34:48.760' AS DateTime))
INSERT [dbo].[tbl_error_log_history] ([id], [username], [err_msg], [err_loc], [err_date]) VALUES (3044, N'Visitor', N'Invalid Username or Password', N'Login', CAST(N'2020-10-07T08:55:22.677' AS DateTime))
INSERT [dbo].[tbl_error_log_history] ([id], [username], [err_msg], [err_loc], [err_date]) VALUES (3045, N'Visitor', N'Invalid Model', N'Login', CAST(N'2020-10-07T08:55:22.740' AS DateTime))
INSERT [dbo].[tbl_error_log_history] ([id], [username], [err_msg], [err_loc], [err_date]) VALUES (3046, N'Admin', N'An error occurred while updating the entries. See the inner exception for details.', N'Add Course', CAST(N'2020-10-07T09:38:05.263' AS DateTime))
INSERT [dbo].[tbl_error_log_history] ([id], [username], [err_msg], [err_loc], [err_date]) VALUES (3047, N'Visitor', N'Invalid Username or Password', N'Login', CAST(N'2020-10-07T10:16:05.057' AS DateTime))
INSERT [dbo].[tbl_error_log_history] ([id], [username], [err_msg], [err_loc], [err_date]) VALUES (3048, N'Visitor', N'Invalid Model', N'Login', CAST(N'2020-10-07T10:16:05.093' AS DateTime))
INSERT [dbo].[tbl_error_log_history] ([id], [username], [err_msg], [err_loc], [err_date]) VALUES (3049, N'Visitor', N'The connection is already in a transaction and cannot participate in another transaction. EntityClient does not support parallel transactions.', N'Register', CAST(N'2020-10-08T10:07:45.887' AS DateTime))
INSERT [dbo].[tbl_error_log_history] ([id], [username], [err_msg], [err_loc], [err_date]) VALUES (3050, N'Visitor', N'Invalid Model', N'Login', CAST(N'2020-10-08T10:16:08.520' AS DateTime))
INSERT [dbo].[tbl_error_log_history] ([id], [username], [err_msg], [err_loc], [err_date]) VALUES (3051, N'Visitor', N'Invalid Model', N'Login', CAST(N'2020-10-13T06:17:56.453' AS DateTime))
INSERT [dbo].[tbl_error_log_history] ([id], [username], [err_msg], [err_loc], [err_date]) VALUES (3052, N'Visitor', N'Invalid Model', N'Login', CAST(N'2020-10-13T06:18:05.753' AS DateTime))
INSERT [dbo].[tbl_error_log_history] ([id], [username], [err_msg], [err_loc], [err_date]) VALUES (3053, N'Visitor', N'Invalid Model', N'Login', CAST(N'2020-10-13T07:05:34.913' AS DateTime))
INSERT [dbo].[tbl_error_log_history] ([id], [username], [err_msg], [err_loc], [err_date]) VALUES (3054, N'Visitor', N'Invalid Model', N'Login', CAST(N'2020-10-13T09:46:38.213' AS DateTime))
INSERT [dbo].[tbl_error_log_history] ([id], [username], [err_msg], [err_loc], [err_date]) VALUES (3055, N'Visitor', N'Invalid Model', N'Login', CAST(N'2020-10-13T10:53:16.227' AS DateTime))
INSERT [dbo].[tbl_error_log_history] ([id], [username], [err_msg], [err_loc], [err_date]) VALUES (3056, N'Visitor', N'Invalid Username or Password', N'Login', CAST(N'2020-10-15T11:16:59.050' AS DateTime))
INSERT [dbo].[tbl_error_log_history] ([id], [username], [err_msg], [err_loc], [err_date]) VALUES (3057, N'Visitor', N'Invalid Model', N'Login', CAST(N'2020-10-15T11:16:59.410' AS DateTime))
INSERT [dbo].[tbl_error_log_history] ([id], [username], [err_msg], [err_loc], [err_date]) VALUES (3058, N'Visitor', N'Invalid Model', N'Login', CAST(N'2020-10-15T22:46:56.020' AS DateTime))
INSERT [dbo].[tbl_error_log_history] ([id], [username], [err_msg], [err_loc], [err_date]) VALUES (4056, N'Admin', N'Object reference not set to an instance of an object.', N'Add News', CAST(N'2020-10-18T00:34:28.097' AS DateTime))
INSERT [dbo].[tbl_error_log_history] ([id], [username], [err_msg], [err_loc], [err_date]) VALUES (4057, N'Admin', N'Object reference not set to an instance of an object.', N'Add News', CAST(N'2020-10-18T00:34:07.020' AS DateTime))
INSERT [dbo].[tbl_error_log_history] ([id], [username], [err_msg], [err_loc], [err_date]) VALUES (4058, N'Admin', N'Object reference not set to an instance of an object.', N'Add News', CAST(N'2020-10-18T00:34:28.100' AS DateTime))
INSERT [dbo].[tbl_error_log_history] ([id], [username], [err_msg], [err_loc], [err_date]) VALUES (4059, N'Admin', N'Object reference not set to an instance of an object.', N'Add News', CAST(N'2020-10-18T00:34:21.680' AS DateTime))
INSERT [dbo].[tbl_error_log_history] ([id], [username], [err_msg], [err_loc], [err_date]) VALUES (4060, N'Admin', N'Object reference not set to an instance of an object.', N'Add Events', CAST(N'2020-10-18T00:36:35.837' AS DateTime))
INSERT [dbo].[tbl_error_log_history] ([id], [username], [err_msg], [err_loc], [err_date]) VALUES (4061, N'Admin', N'An error occurred while updating the entries. See the inner exception for details.', N'Add Course', CAST(N'2020-10-18T01:20:28.230' AS DateTime))
INSERT [dbo].[tbl_error_log_history] ([id], [username], [err_msg], [err_loc], [err_date]) VALUES (4062, N'Admin', N'An error occurred while updating the entries. See the inner exception for details.', N'Add Course', CAST(N'2020-10-18T01:20:56.757' AS DateTime))
INSERT [dbo].[tbl_error_log_history] ([id], [username], [err_msg], [err_loc], [err_date]) VALUES (4063, N'Admin', N'An error occurred while updating the entries. See the inner exception for details.', N'Add Course', CAST(N'2020-10-18T01:21:08.030' AS DateTime))
INSERT [dbo].[tbl_error_log_history] ([id], [username], [err_msg], [err_loc], [err_date]) VALUES (4064, N'Admin', N'An error occurred while updating the entries. See the inner exception for details.', N'Add Course', CAST(N'2020-10-18T01:21:39.083' AS DateTime))
INSERT [dbo].[tbl_error_log_history] ([id], [username], [err_msg], [err_loc], [err_date]) VALUES (4065, N'Admin', N'Object reference not set to an instance of an object.', N'Add News', CAST(N'2020-10-18T11:37:29.553' AS DateTime))
INSERT [dbo].[tbl_error_log_history] ([id], [username], [err_msg], [err_loc], [err_date]) VALUES (4066, N'Admin', N'Object reference not set to an instance of an object.', N'Add News', CAST(N'2020-10-19T00:03:53.183' AS DateTime))
INSERT [dbo].[tbl_error_log_history] ([id], [username], [err_msg], [err_loc], [err_date]) VALUES (4067, N'Admin', N'Object reference not set to an instance of an object.', N'Add News', CAST(N'2020-10-19T00:12:39.323' AS DateTime))
INSERT [dbo].[tbl_error_log_history] ([id], [username], [err_msg], [err_loc], [err_date]) VALUES (4068, N'Visitor', N'Invalid Username or Password', N'Login', CAST(N'2020-10-19T08:32:29.550' AS DateTime))
INSERT [dbo].[tbl_error_log_history] ([id], [username], [err_msg], [err_loc], [err_date]) VALUES (4069, N'Visitor', N'Invalid Model', N'Login', CAST(N'2020-10-19T08:32:30.110' AS DateTime))
INSERT [dbo].[tbl_error_log_history] ([id], [username], [err_msg], [err_loc], [err_date]) VALUES (4070, N'Admin', N'Could not find a part of the path ''C:\inetpub\wwwroot\astronoob\img\news-img\574dc94c-bc1e-415c-9a6a-f60a24802219-markarian_FernandoPena1024.jpg''.', N'Edit News', CAST(N'2020-10-19T08:35:33.647' AS DateTime))
INSERT [dbo].[tbl_error_log_history] ([id], [username], [err_msg], [err_loc], [err_date]) VALUES (4071, N'Visitor', N'Invalid Username or Password', N'Login', CAST(N'2020-10-19T14:17:05.923' AS DateTime))
INSERT [dbo].[tbl_error_log_history] ([id], [username], [err_msg], [err_loc], [err_date]) VALUES (4072, N'Visitor', N'Invalid Model', N'Login', CAST(N'2020-10-19T14:17:06.323' AS DateTime))
INSERT [dbo].[tbl_error_log_history] ([id], [username], [err_msg], [err_loc], [err_date]) VALUES (4073, N'Admin', N'Validation failed for one or more entities. See ''EntityValidationErrors'' property for more details.', N'Add Subject', CAST(N'2020-10-19T14:53:39.677' AS DateTime))
INSERT [dbo].[tbl_error_log_history] ([id], [username], [err_msg], [err_loc], [err_date]) VALUES (4074, N'Admin', N'Validation failed for one or more entities. See ''EntityValidationErrors'' property for more details.', N'Add Subject', CAST(N'2020-10-19T14:54:00.503' AS DateTime))
INSERT [dbo].[tbl_error_log_history] ([id], [username], [err_msg], [err_loc], [err_date]) VALUES (4075, N'Admin', N'Validation failed for one or more entities. See ''EntityValidationErrors'' property for more details.', N'Add Subject', CAST(N'2020-10-19T14:54:03.887' AS DateTime))
INSERT [dbo].[tbl_error_log_history] ([id], [username], [err_msg], [err_loc], [err_date]) VALUES (4076, N'Admin', N'Validation failed for one or more entities. See ''EntityValidationErrors'' property for more details.', N'Add Subject', CAST(N'2020-10-19T14:54:08.553' AS DateTime))
INSERT [dbo].[tbl_error_log_history] ([id], [username], [err_msg], [err_loc], [err_date]) VALUES (4077, N'Admin', N'Validation failed for one or more entities. See ''EntityValidationErrors'' property for more details.', N'Add Subject', CAST(N'2020-10-19T14:57:06.350' AS DateTime))
INSERT [dbo].[tbl_error_log_history] ([id], [username], [err_msg], [err_loc], [err_date]) VALUES (4078, N'Admin', N'Validation failed for one or more entities. See ''EntityValidationErrors'' property for more details.', N'Add Subject', CAST(N'2020-10-19T15:00:38.703' AS DateTime))
INSERT [dbo].[tbl_error_log_history] ([id], [username], [err_msg], [err_loc], [err_date]) VALUES (4079, N'Admin', N'Validation failed for one or more entities. See ''EntityValidationErrors'' property for more details.', N'Add Subject', CAST(N'2020-10-19T15:00:52.890' AS DateTime))
INSERT [dbo].[tbl_error_log_history] ([id], [username], [err_msg], [err_loc], [err_date]) VALUES (4080, N'Visitor', N'Invalid Model', N'Login', CAST(N'2020-10-20T05:07:37.573' AS DateTime))
INSERT [dbo].[tbl_error_log_history] ([id], [username], [err_msg], [err_loc], [err_date]) VALUES (4081, N'Visitor', N'Invalid Model', N'Login', CAST(N'2020-10-20T07:33:01.333' AS DateTime))
INSERT [dbo].[tbl_error_log_history] ([id], [username], [err_msg], [err_loc], [err_date]) VALUES (4082, N'Visitor', N'Invalid Model', N'Login', CAST(N'2020-10-20T07:33:11.223' AS DateTime))
INSERT [dbo].[tbl_error_log_history] ([id], [username], [err_msg], [err_loc], [err_date]) VALUES (4083, N'Visitor', N'Invalid Username or Password', N'Login', CAST(N'2020-10-20T07:34:19.063' AS DateTime))
INSERT [dbo].[tbl_error_log_history] ([id], [username], [err_msg], [err_loc], [err_date]) VALUES (4084, N'Visitor', N'Invalid Model', N'Login', CAST(N'2020-10-20T07:34:19.087' AS DateTime))
INSERT [dbo].[tbl_error_log_history] ([id], [username], [err_msg], [err_loc], [err_date]) VALUES (4085, N'Visitor', N'Invalid Model', N'Login', CAST(N'2020-10-20T09:41:09.457' AS DateTime))
INSERT [dbo].[tbl_error_log_history] ([id], [username], [err_msg], [err_loc], [err_date]) VALUES (5066, N'Visitor', N'Invalid Username or Password', N'Login', CAST(N'2020-10-25T19:09:03.990' AS DateTime))
INSERT [dbo].[tbl_error_log_history] ([id], [username], [err_msg], [err_loc], [err_date]) VALUES (5067, N'Visitor', N'Invalid Model', N'Login', CAST(N'2020-10-25T19:09:04.300' AS DateTime))
INSERT [dbo].[tbl_error_log_history] ([id], [username], [err_msg], [err_loc], [err_date]) VALUES (5068, N'Visitor', N'Invalid Model', N'Login', CAST(N'2020-10-26T08:09:20.150' AS DateTime))
INSERT [dbo].[tbl_error_log_history] ([id], [username], [err_msg], [err_loc], [err_date]) VALUES (5069, N'Visitor', N'Invalid Username or Password', N'Login', CAST(N'2020-10-26T09:46:51.270' AS DateTime))
INSERT [dbo].[tbl_error_log_history] ([id], [username], [err_msg], [err_loc], [err_date]) VALUES (5070, N'Visitor', N'Invalid Model', N'Login', CAST(N'2020-10-26T09:46:51.367' AS DateTime))
INSERT [dbo].[tbl_error_log_history] ([id], [username], [err_msg], [err_loc], [err_date]) VALUES (6066, N'Admin', N'Non-static method requires a target.', N'Edit Quiz', CAST(N'2020-10-30T21:10:45.627' AS DateTime))
INSERT [dbo].[tbl_error_log_history] ([id], [username], [err_msg], [err_loc], [err_date]) VALUES (6067, N'Admin', N'Non-static method requires a target.', N'Edit Quiz', CAST(N'2020-10-30T21:10:52.193' AS DateTime))
GO
INSERT [dbo].[tbl_error_log_history] ([id], [username], [err_msg], [err_loc], [err_date]) VALUES (6068, N'Visitor', N'Invalid Username or Password', N'Login', CAST(N'2020-10-31T08:01:57.970' AS DateTime))
INSERT [dbo].[tbl_error_log_history] ([id], [username], [err_msg], [err_loc], [err_date]) VALUES (6069, N'Visitor', N'Invalid Model', N'Login', CAST(N'2020-10-31T08:01:58.757' AS DateTime))
INSERT [dbo].[tbl_error_log_history] ([id], [username], [err_msg], [err_loc], [err_date]) VALUES (6070, N'Visitor', N'Invalid Model', N'Login', CAST(N'2020-10-31T08:06:28.553' AS DateTime))
INSERT [dbo].[tbl_error_log_history] ([id], [username], [err_msg], [err_loc], [err_date]) VALUES (6071, N'Visitor', N'Invalid Model', N'Login', CAST(N'2020-10-31T08:07:01.147' AS DateTime))
INSERT [dbo].[tbl_error_log_history] ([id], [username], [err_msg], [err_loc], [err_date]) VALUES (6072, N'Visitor', N'Invalid Model', N'Login', CAST(N'2020-10-31T08:07:06.703' AS DateTime))
INSERT [dbo].[tbl_error_log_history] ([id], [username], [err_msg], [err_loc], [err_date]) VALUES (6073, N'Visitor', N'Invalid Username or Password', N'Login', CAST(N'2020-10-31T08:12:04.397' AS DateTime))
INSERT [dbo].[tbl_error_log_history] ([id], [username], [err_msg], [err_loc], [err_date]) VALUES (6074, N'Visitor', N'Invalid Model', N'Login', CAST(N'2020-10-31T08:12:05.197' AS DateTime))
INSERT [dbo].[tbl_error_log_history] ([id], [username], [err_msg], [err_loc], [err_date]) VALUES (6075, N'Visitor', N'Invalid Username or Password', N'Login', CAST(N'2020-10-31T08:12:37.240' AS DateTime))
INSERT [dbo].[tbl_error_log_history] ([id], [username], [err_msg], [err_loc], [err_date]) VALUES (6076, N'Visitor', N'Invalid Model', N'Login', CAST(N'2020-10-31T08:12:37.283' AS DateTime))
INSERT [dbo].[tbl_error_log_history] ([id], [username], [err_msg], [err_loc], [err_date]) VALUES (6077, N'Visitor', N'Invalid Username or Password', N'Login', CAST(N'2020-10-31T08:12:50.247' AS DateTime))
INSERT [dbo].[tbl_error_log_history] ([id], [username], [err_msg], [err_loc], [err_date]) VALUES (6078, N'Visitor', N'Invalid Model', N'Login', CAST(N'2020-10-31T08:12:50.250' AS DateTime))
INSERT [dbo].[tbl_error_log_history] ([id], [username], [err_msg], [err_loc], [err_date]) VALUES (6079, N'Visitor', N'Invalid Model', N'Login', CAST(N'2020-10-31T08:13:42.760' AS DateTime))
INSERT [dbo].[tbl_error_log_history] ([id], [username], [err_msg], [err_loc], [err_date]) VALUES (6080, N'Visitor', N'Invalid Model', N'Login', CAST(N'2020-10-31T08:13:53.227' AS DateTime))
INSERT [dbo].[tbl_error_log_history] ([id], [username], [err_msg], [err_loc], [err_date]) VALUES (6081, N'Visitor', N'Invalid Username or Password', N'Login', CAST(N'2020-10-31T08:13:57.143' AS DateTime))
INSERT [dbo].[tbl_error_log_history] ([id], [username], [err_msg], [err_loc], [err_date]) VALUES (6082, N'Visitor', N'Invalid Model', N'Login', CAST(N'2020-10-31T08:13:57.187' AS DateTime))
INSERT [dbo].[tbl_error_log_history] ([id], [username], [err_msg], [err_loc], [err_date]) VALUES (6083, N'Visitor', N'Invalid Username or Password', N'Login', CAST(N'2020-10-31T08:14:02.810' AS DateTime))
INSERT [dbo].[tbl_error_log_history] ([id], [username], [err_msg], [err_loc], [err_date]) VALUES (6084, N'Visitor', N'Invalid Model', N'Login', CAST(N'2020-10-31T08:14:02.820' AS DateTime))
INSERT [dbo].[tbl_error_log_history] ([id], [username], [err_msg], [err_loc], [err_date]) VALUES (6085, N'Visitor', N'Invalid Model', N'Login', CAST(N'2020-10-31T08:14:05.587' AS DateTime))
INSERT [dbo].[tbl_error_log_history] ([id], [username], [err_msg], [err_loc], [err_date]) VALUES (6086, N'Visitor', N'Invalid Username or Password', N'Login', CAST(N'2020-10-31T08:42:35.270' AS DateTime))
INSERT [dbo].[tbl_error_log_history] ([id], [username], [err_msg], [err_loc], [err_date]) VALUES (6087, N'Visitor', N'Invalid Model', N'Login', CAST(N'2020-10-31T08:42:35.983' AS DateTime))
INSERT [dbo].[tbl_error_log_history] ([id], [username], [err_msg], [err_loc], [err_date]) VALUES (6088, N'Visitor', N'Invalid Username or Password', N'Login', CAST(N'2020-11-02T20:32:52.080' AS DateTime))
INSERT [dbo].[tbl_error_log_history] ([id], [username], [err_msg], [err_loc], [err_date]) VALUES (6089, N'Visitor', N'Invalid Model', N'Login', CAST(N'2020-11-02T20:32:52.220' AS DateTime))
INSERT [dbo].[tbl_error_log_history] ([id], [username], [err_msg], [err_loc], [err_date]) VALUES (6090, N'adhadyanto', N'Non-static method requires a target.', N'User Profile', CAST(N'2020-11-03T21:59:48.800' AS DateTime))
INSERT [dbo].[tbl_error_log_history] ([id], [username], [err_msg], [err_loc], [err_date]) VALUES (6091, N'Visitor', N'Invalid Username or Password', N'Login', CAST(N'2020-11-05T23:50:00.360' AS DateTime))
INSERT [dbo].[tbl_error_log_history] ([id], [username], [err_msg], [err_loc], [err_date]) VALUES (6092, N'Visitor', N'Invalid Model', N'Login', CAST(N'2020-11-05T23:50:00.843' AS DateTime))
INSERT [dbo].[tbl_error_log_history] ([id], [username], [err_msg], [err_loc], [err_date]) VALUES (6093, N'Visitor', N'Invalid Username or Password', N'Login', CAST(N'2020-11-05T23:50:07.503' AS DateTime))
INSERT [dbo].[tbl_error_log_history] ([id], [username], [err_msg], [err_loc], [err_date]) VALUES (6094, N'Visitor', N'Invalid Model', N'Login', CAST(N'2020-11-05T23:50:07.513' AS DateTime))
SET IDENTITY_INSERT [dbo].[tbl_error_log_history] OFF
GO
